{"Llama-3.1-8B-Instruct (AP: 11)": {"quality": {"corr_coeff": {"pearson": 0.09093824008768384, "spearman": 0.0719760512121382, "kendall": 0.05486319750311325}, "p_value": {"pearson": 1.413404579174114e-13, "spearman": 4.959615562445094e-09, "kendall": 3.5985237593477407e-09}, "kappa_score": NaN, "total_responses": 6588, "valid_responses": 6588, "krippendorff_alpha": NaN, "type": "continuous", "expert": "true", "task": "Translation"}}}