{"Llama-3.1-70B-Instruct (SP: None, AP: 11)": {"quality": {"corr_coeff": {"pearson": 0.1646461539647929, "spearman": 0.20443995185806846, "kendall": 0.15286691021142013}, "p_value": {"pearson": 3.1191684949629766e-41, "spearman": 4.564009860119049e-63, "kendall": 1.7056377622920793e-62}, "kappa_score": NaN, "total_responses": 6584, "valid_responses": 6584, "krippendorff_alpha": NaN, "type": "continuous", "expert": "true", "task": "Translation"}}}