{"Mixtral-8x7B-Instruct-v0.1 (AP: 11)": {"quality": {"corr_coeff": {"pearson": 0.18064979492404284, "spearman": 0.20475722033678126, "kendall": 0.15161932842791928}, "p_value": {"pearson": 2.055154838351171e-49, "spearman": 2.9175380691046937e-63, "kendall": 1.7677027479998092e-62}, "kappa_score": NaN, "total_responses": 6584, "valid_responses": 6584, "krippendorff_alpha": NaN, "type": "continuous", "expert": "true", "task": "Translation"}}}