{"Mixtral-8x7B-Instruct-v0.1 (AP: 11)": {"quality": {"corr_coeff": {"pearson": 0.22017740761145338, "spearman": 0.1328390052741054, "kendall": 0.09945470638096514}, "p_value": {"pearson": 3.95876329964939e-145, "spearman": 3.295319143273351e-53, "kendall": 3.36578876378708e-53}, "kappa_score": NaN, "total_responses": 13245, "valid_responses": 13228, "krippendorff_alpha": NaN, "type": "continuous", "expert": "true", "task": "Translation"}}}