{"Llama-3.1-8B-Instruct (AP: 11)": {"quality": {"corr_coeff": {"pearson": 0.17111865454816907, "spearman": 0.09335987982510312, "kendall": 0.0685797815795542}, "p_value": {"pearson": 1.3951207607134216e-87, "spearman": 4.927501126856344e-27, "kendall": 1.4937912268886417e-26}, "kappa_score": NaN, "total_responses": 13245, "valid_responses": 13245, "krippendorff_alpha": NaN, "type": "continuous", "expert": "true", "task": "Translation"}}}