{"Llama-3.1-8B-Instruct (AP: 11)": {"quality": {"corr_coeff": {"pearson": 0.057750109641634295, "spearman": 0.029825869276954603, "kendall": 0.02272162357973553}, "p_value": {"pearson": 2.907006776718311e-11, "spearman": 0.0005969261002839288, "kendall": 0.0005676855267451919}, "kappa_score": NaN, "total_responses": 13245, "valid_responses": 13230, "krippendorff_alpha": NaN, "type": "continuous", "expert": "true", "task": "Translation"}}}