{"Llama-3.1-8B-Instruct (AP: 11)": {"quality": {"corr_coeff": {"pearson": -0.03624420278811742, "spearman": -0.08953281913330617, "kendall": -0.06822797236323427}, "p_value": {"pearson": 0.0032586481593866435, "spearman": 3.3305243257920045e-13, "kendall": 2.5076571630458264e-13}, "kappa_score": NaN, "total_responses": 6588, "valid_responses": 6588, "krippendorff_alpha": NaN, "type": "continuous", "expert": "true", "task": "Translation"}}}