{"Llama-3.1-70B-Instruct (AP: regular-wmt)": {"quality": {"corr_coeff": {"pearson": 0.015304030820909581, "spearman": 0.00828199369361379, "kendall": 0.005600904185704853}, "p_value": {"pearson": 0.07819935870242693, "spearman": 0.3405517870470558, "kendall": 0.34083838004496547}, "kappa_score": NaN, "total_responses": 13245, "valid_responses": 1581, "krippendorff_alpha": NaN, "type": "continuous", "expert": "true", "task": "Translation"}}}