{"Mixtral-8x7B-Instruct-v0.1 (AP: 11)": {"quality": {"corr_coeff": {"pearson": 0.22144858938550913, "spearman": 0.1628829673236578, "kendall": 0.12179050990764119}, "p_value": {"pearson": 8.743560661866087e-147, "spearman": 2.121567804444611e-79, "kendall": 5.280708408769753e-80}, "kappa_score": NaN, "total_responses": 13241, "valid_responses": 13241, "krippendorff_alpha": NaN, "type": "continuous", "expert": "true", "task": "Translation"}}}