{"Mixtral-8x7B-Instruct-v0.1 (AP: 11)": {"quality": {"corr_coeff": {"pearson": 0.08745797262372174, "spearman": 0.09963255440085275, "kendall": 0.07426383066355648}, "p_value": {"pearson": 6.525961103017639e-24, "spearman": 1.4152504069059933e-30, "kendall": 5.864434510275513e-31}, "kappa_score": NaN, "total_responses": 13245, "valid_responses": 13245, "krippendorff_alpha": NaN, "type": "continuous", "expert": "true", "task": "Translation"}}}