{"Llama-3.1-70B-Instruct (SP: None, AP: 11)": {"quality": {"corr_coeff": {"pearson": -0.019684584706775435, "spearman": -0.051258296024630695, "kendall": -0.0349022329272804}, "p_value": {"pearson": 0.11013640080832081, "spearman": 3.1491591986295285e-05, "kendall": 2.8668200175208976e-05}, "kappa_score": NaN, "total_responses": 6588, "valid_responses": 1011, "krippendorff_alpha": NaN, "type": "continuous", "expert": "true", "task": "Translation"}}}