{"Llama-3.1-8B-Instruct (AP: 11)": {"quality": {"corr_coeff": {"pearson": 0.10605005382508012, "spearman": 0.06149091406160255, "kendall": 0.045770871292822014}, "p_value": {"pearson": 6.112495003230739e-18, "spearman": 5.890235844629802e-07, "kendall": 5.505688658657967e-07}, "kappa_score": NaN, "total_responses": 6588, "valid_responses": 6588, "krippendorff_alpha": NaN, "type": "continuous", "expert": "true", "task": "Translation"}}}