{"Mixtral-8x7B-Instruct-v0.1 (AP: 11)": {"quality": {"corr_coeff": {"pearson": 0.2201419402193017, "spearman": 0.15132119408036648, "kendall": 0.11448909388912891}, "p_value": {"pearson": 4.413939626500907e-145, "spearman": 1.1127766793031781e-68, "kendall": 3.440246049339268e-69}, "kappa_score": NaN, "total_responses": 13245, "valid_responses": 13245, "krippendorff_alpha": NaN, "type": "continuous", "expert": "true", "task": "Translation"}}}