{"Mixtral-8x7B-Instruct-v0.1 (AP: 11)": {"quality": {"corr_coeff": {"pearson": 0.15760759641290342, "spearman": 0.1678779448790364, "kendall": 0.12654083037665637}, "p_value": {"pearson": 6.593668513074665e-38, "spearman": 7.60501945910616e-43, "kendall": 9.574077870924156e-43}, "kappa_score": NaN, "total_responses": 6588, "valid_responses": 6556, "krippendorff_alpha": NaN, "type": "continuous", "expert": "true", "task": "Translation"}}}