{"Llama-3.1-70B-Instruct (AP: 11)": {"quality": {"corr_coeff": {"pearson": 0.20142038055878841, "spearman": 0.13876746346340157, "kendall": 0.1031642040720535}, "p_value": {"pearson": 2.96907029749314e-121, "spearman": 6.288598073655728e-58, "kendall": 3.392062996611693e-58}, "kappa_score": NaN, "total_responses": 13241, "valid_responses": 13241, "krippendorff_alpha": NaN, "type": "continuous", "expert": "true", "task": "Translation"}}}