{"Llama-3.1-70B-Instruct (AP: regular-wmt)": {"quality": {"corr_coeff": {"pearson": 0.18724729871438123, "spearman": 0.10441070095810383, "kendall": 0.07900663549647412}, "p_value": {"pearson": 8.546817128697489e-105, "spearman": 1.9843985224323483e-33, "kendall": 7.531875677065344e-34}, "kappa_score": NaN, "total_responses": 13245, "valid_responses": 13232, "krippendorff_alpha": NaN, "type": "continuous", "expert": "true", "task": "Translation"}}}