{"Llama-3.1-70B-Instruct (AP: regular-wmt)": {"quality": {"corr_coeff": {"pearson": 0.21309277613286068, "spearman": 0.14302589609242036, "kendall": 0.11024280571760213}, "p_value": {"pearson": 7.474502366707645e-136, "spearman": 1.7694976638161993e-61, "kendall": 6.487534707450036e-62}, "kappa_score": NaN, "total_responses": 13245, "valid_responses": 13232, "krippendorff_alpha": NaN, "type": "continuous", "expert": "true", "task": "Translation"}}}