{"Llama-3.1-70B-Instruct (SP: None, AP: 11)": {"quality": {"corr_coeff": {"pearson": 0.15288083777862244, "spearman": 0.16818485172887046, "kendall": 0.12493500512045959}, "p_value": {"pearson": 9.613966252907867e-36, "spearman": 5.352121338512787e-43, "kendall": 6.737360109808968e-43}, "kappa_score": NaN, "total_responses": 6588, "valid_responses": 6587, "krippendorff_alpha": NaN, "type": "continuous", "expert": "true", "task": "Translation"}}}