{"Llama-3.1-8B-Instruct (AP: 11)": {"quality": {"corr_coeff": {"pearson": 0.20145736361768163, "spearman": 0.14972290477410333, "kendall": 0.10858291842242479}, "p_value": {"pearson": 2.6785252153739306e-121, "spearman": 3.065306402824782e-67, "kendall": 8.619112788588416e-68}, "kappa_score": NaN, "total_responses": 13241, "valid_responses": 13241, "krippendorff_alpha": NaN, "type": "continuous", "expert": "true", "task": "Translation"}}}