{"Llama-3.1-8B-Instruct (AP: 11)": {"quality": {"corr_coeff": {"pearson": 0.1769203323240302, "spearman": 0.11125513102956132, "kendall": 0.08442293905650297}, "p_value": {"pearson": 1.3874377441480163e-93, "spearman": 9.453445652441624e-38, "kendall": 1.4484731342938805e-37}, "kappa_score": NaN, "total_responses": 13245, "valid_responses": 13245, "krippendorff_alpha": NaN, "type": "continuous", "expert": "true", "task": "Translation"}}}