{"Mixtral-8x7B-Instruct-v0.1 (AP: 11)": {"quality": {"corr_coeff": {"pearson": 0.1743233980182425, "spearman": 0.17000825600910177, "kendall": 0.12831419347663828}, "p_value": {"pearson": 4.124562538397594e-46, "spearman": 6.546697218272909e-44, "kendall": 1.0264108035725188e-43}, "kappa_score": NaN, "total_responses": 6588, "valid_responses": 6588, "krippendorff_alpha": NaN, "type": "continuous", "expert": "true", "task": "Translation"}}}