{"Llama-3.1-8B-Instruct (AP: 11)": {"quality": {"corr_coeff": {"pearson": 0.18472156261795153, "spearman": 0.19471351276402182, "kendall": 0.14252148998380232}, "p_value": {"pearson": 1.2691161953747638e-51, "spearman": 2.8812531778215133e-57, "kendall": 3.748146482332526e-57}, "kappa_score": NaN, "total_responses": 6584, "valid_responses": 6584, "krippendorff_alpha": NaN, "type": "continuous", "expert": "true", "task": "Translation"}}}