{"Mixtral-8x7B-Instruct-v0.1 (AP: 11)": {"quality": {"corr_coeff": {"pearson": 0.0787126365173414, "spearman": 0.08698642455380931, "kendall": 0.06703307519552609}, "p_value": {"pearson": 1.5789607124330975e-10, "spearman": 1.5221966600960579e-12, "kendall": 1.4541239806498497e-12}, "kappa_score": NaN, "total_responses": 6588, "valid_responses": 6576, "krippendorff_alpha": NaN, "type": "continuous", "expert": "true", "task": "Translation"}}}