{"Llama-3.1-70B-Instruct (SP: None, AP: 11)": {"quality": {"corr_coeff": {"pearson": 0.14802126017300904, "spearman": 0.12776583112180337, "kendall": 0.09566701874779585}, "p_value": {"pearson": 1.3690362227589177e-33, "spearman": 2.2082114708533803e-25, "kendall": 2.1766596087732607e-25}, "kappa_score": NaN, "total_responses": 6588, "valid_responses": 6588, "krippendorff_alpha": NaN, "type": "continuous", "expert": "true", "task": "Translation"}}}