{"Meta-Llama-3.1-8B-Instruct (SP: None, AP: 1)": {"safety": {"corr_coeff": {"pearson": -0.06487979016698049, "spearman": -0.06487979016698048, "kendall": -0.06487979016698048}, "p_value": {"pearson": 0.22600135468954166, "spearman": 0.22600135468954194, "kendall": 0.22549151724582417}, "kappa_score": -0.05490898239331554, "total_responses": 350, "valid_responses": 350, "krippendorff_alpha": 0.16086021565770392, "type": "categorical", "expert": "false", "task": "Toxicity \\ Safety"}}, "Meta-Llama-3.1-70B-Instruct (SP: None, AP: 1)": {"safety": {"corr_coeff": {"pearson": -0.1564761554054106, "spearman": -0.16986799958779927, "kendall": -0.1696294238214516}, "p_value": {"pearson": 0.003335167096432664, "spearman": 0.0014237942776905961, "kendall": 0.00150666808932877}, "kappa_score": -0.1787346644214578, "total_responses": 350, "valid_responses": 350, "krippendorff_alpha": 0.16086021565770392, "type": "categorical", "expert": "false", "task": "Toxicity \\ Safety"}}, "Mistral-7B-Instruct-v0.3 (SP: None, AP: 1)": {"safety": {"corr_coeff": {"pearson": 0.15954097393608516, "spearman": 0.1723633168275707, "kendall": 0.16530784133096504}, "p_value": {"pearson": 0.0027601810583785177, "spearman": 0.0012064570932815543, "kendall": 0.0012818501192662052}, "kappa_score": -0.042553191489361764, "total_responses": 350, "valid_responses": 350, "krippendorff_alpha": 0.16086021565770392, "type": "categorical", "expert": "false", "task": "Toxicity \\ Safety"}}, "OLMo-7B-0724-Instruct-hf (SP: None, AP: 1)": {"safety": {"corr_coeff": {"pearson": -0.078834223222018, "spearman": -0.0788504520975565, "kendall": -0.07449145880454056}, "p_value": {"pearson": 0.14105630495211904, "spearman": 0.1409742294519314, "kendall": 0.14073809112327137}, "kappa_score": -0.028024791161411988, "total_responses": 350, "valid_responses": 55, "krippendorff_alpha": 0.16086021565770392, "type": "categorical", "expert": "false", "task": "Toxicity \\ Safety"}}, "Starling-LM-7B-alpha (SP: None, AP: 1)": {"safety": {"corr_coeff": {"pearson": -0.018492195095804104, "spearman": -0.012633157441811926, "kendall": -0.012118556246969224}, "p_value": {"pearson": 0.7302829440556918, "spearman": 0.813813962472114, "kendall": 0.8134273489891003}, "kappa_score": 0.012507271669575326, "total_responses": 350, "valid_responses": 180, "krippendorff_alpha": 0.16086021565770392, "type": "categorical", "expert": "false", "task": "Toxicity \\ Safety"}}, "Mixtral-8x7B-Instruct-v0.1 (SP: None, AP: 1)": {"safety": {"corr_coeff": {"pearson": -0.05952665890919549, "spearman": -0.05829510044746651, "kendall": -0.05547656570045767}, "p_value": {"pearson": 0.26672200571195015, "spearman": 0.27676059835648553, "kendall": 0.27613521077548653}, "kappa_score": -0.1120129870129869, "total_responses": 350, "valid_responses": 347, "krippendorff_alpha": 0.16086021565770392, "type": "categorical", "expert": "false", "task": "Toxicity \\ Safety"}}, "Mixtral-8x22B-Instruct-v0.1 (SP: None, AP: 1)": {"safety": {"corr_coeff": {"pearson": 0.052635024319854576, "spearman": 0.06119946370674166, "kendall": 0.05884489706229147}, "p_value": {"pearson": 0.32616424930604215, "spearman": 0.2534906095162372, "kendall": 0.2529139168967869}, "kappa_score": -0.08429118773946365, "total_responses": 350, "valid_responses": 350, "krippendorff_alpha": 0.16086021565770392, "type": "categorical", "expert": "false", "task": "Toxicity \\ Safety"}}, "c4ai-command-r-v01 (SP: None, AP: 1)": {"safety": {"corr_coeff": {"pearson": 0.023197460550034462, "spearman": 0.023197460550034327, "kendall": 0.023197460550034323}, "p_value": {"pearson": 0.6653849880605205, "spearman": 0.6653849880605232, "kendall": 0.6647501126068085}, "kappa_score": 0.007700385019251077, "total_responses": 350, "valid_responses": 350, "krippendorff_alpha": 0.16086021565770392, "type": "categorical", "expert": "false", "task": "Toxicity \\ Safety"}}, "c4ai-command-r-plus (SP: None, AP: 1)": {"safety": {"corr_coeff": {"pearson": -0.10751756695302396, "spearman": -0.1069151856410536, "kendall": -0.10639893843792902}, "p_value": {"pearson": 0.044420166167221505, "spearman": 0.04563247689282752, "kendall": 0.0457882068203858}, "kappa_score": -0.07772795216741413, "total_responses": 350, "valid_responses": 342, "krippendorff_alpha": 0.16086021565770392, "type": "categorical", "expert": "false", "task": "Toxicity \\ Safety"}}, "gemini-1.5-flash-latest (SP: None, AP: 1)": {"safety": {"corr_coeff": {"pearson": -0.025378204068346726, "spearman": -0.03352808345322787, "kendall": -0.033409023846621144}, "p_value": {"pearson": 0.6360986800198462, "spearman": 0.5318496964073893, "kendall": 0.5310812733963703}, "kappa_score": -0.0193133047210301, "total_responses": 350, "valid_responses": 347, "krippendorff_alpha": 0.16086021565770392, "type": "categorical", "expert": "false", "task": "Toxicity \\ Safety"}}, "gpt-4o (SP: None, AP: 1)": {"safety": {"corr_coeff": {"pearson": -0.23337099804631123, "spearman": -0.25228097016602113, "kendall": -0.24624245078843676}, "p_value": {"pearson": 1.0269757469604651e-05, "spearman": 1.7494277713910111e-06, "kendall": 2.440992380755346e-06}, "kappa_score": -0.21917571995171592, "total_responses": 350, "valid_responses": 350, "krippendorff_alpha": 0.16086021565770392, "type": "categorical", "expert": "false", "task": "Toxicity \\ Safety"}}}