{"Meta-Llama-3.1-8B-Instruct (SP: None, AP: 1)": {"safety": {"corr_coeff": {"pearson": 0.016329931618554516, "spearman": 0.01632993161855452, "kendall": 0.01632993161855452}, "p_value": {"pearson": 0.7607984403447532, "spearman": 0.760798440344755, "kendall": 0.760314135269991}, "kappa_score": 0.011428571428571455, "total_responses": 350, "valid_responses": 350, "krippendorff_alpha": NaN, "type": "categorical", "expert": "true", "task": "Toxicity \\ Safety"}}, "Meta-Llama-3.1-70B-Instruct (SP: None, AP: 1)": {"safety": {"corr_coeff": {"pearson": -0.17104745349704473, "spearman": -0.17104745349704473, "kendall": -0.17104745349704475}, "p_value": {"pearson": 0.0013169409068395602, "spearman": 0.0013169409068395728, "kendall": 0.0013962258297973344}, "kappa_score": -0.13142857142857145, "total_responses": 350, "valid_responses": 350, "krippendorff_alpha": NaN, "type": "categorical", "expert": "true", "task": "Toxicity \\ Safety"}}, "Mistral-7B-Instruct-v0.3 (SP: None, AP: 1)": {"safety": {"corr_coeff": {"pearson": 0.014285714285714287, "spearman": 0.014285714285714284, "kendall": 0.014285714285714285}, "p_value": {"pearson": 0.7899937289770432, "spearman": 0.7899937289770425, "kendall": 0.7895621973619962}, "kappa_score": 0.011428571428571455, "total_responses": 350, "valid_responses": 350, "krippendorff_alpha": NaN, "type": "categorical", "expert": "true", "task": "Toxicity \\ Safety"}}, "OLMo-7B-0724-Instruct-hf (SP: None, AP: 1)": {"safety": {"corr_coeff": {"pearson": -0.06335980860297924, "spearman": -0.06335980860297925, "kendall": -0.06335980860297925}, "p_value": {"pearson": 0.23708614900305122, "spearman": 0.23708614900305006, "kendall": 0.2365481122093086}, "kappa_score": -0.06285714285714294, "total_responses": 350, "valid_responses": 96, "krippendorff_alpha": NaN, "type": "categorical", "expert": "true", "task": "Toxicity \\ Safety"}}, "Starling-LM-7B-alpha (SP: None, AP: 1)": {"safety": {"corr_coeff": {"pearson": 0.011496531444875814, "spearman": 0.01149653144487583, "kendall": 0.011496531444875831}, "p_value": {"pearson": 0.8302990177582589, "spearman": 0.8302990177582599, "kendall": 0.8299443579523147}, "kappa_score": 0.011428571428571455, "total_responses": 350, "valid_responses": 191, "krippendorff_alpha": NaN, "type": "categorical", "expert": "true", "task": "Toxicity \\ Safety"}}, "Mixtral-8x7B-Instruct-v0.1 (SP: None, AP: 1)": {"safety": {"corr_coeff": {"pearson": -0.1250390808200891, "spearman": -0.12503908082008883, "kendall": -0.12503908082008883}, "p_value": {"pearson": 0.019279110523586704, "spearman": 0.019279110523586964, "kendall": 0.019495265351582445}, "kappa_score": -0.11428571428571432, "total_responses": 350, "valid_responses": 350, "krippendorff_alpha": NaN, "type": "categorical", "expert": "true", "task": "Toxicity \\ Safety"}}, "Mixtral-8x22B-Instruct-v0.1 (SP: None, AP: 1)": {"safety": {"corr_coeff": {"pearson": -0.17715299831526532, "spearman": -0.17715299831526513, "kendall": -0.17715299831526515}, "p_value": {"pearson": 0.0008724006411560815, "spearman": 0.0008724006411560944, "kendall": 0.0009346572951013931}, "kappa_score": -0.15428571428571436, "total_responses": 350, "valid_responses": 350, "krippendorff_alpha": NaN, "type": "categorical", "expert": "true", "task": "Toxicity \\ Safety"}}, "c4ai-command-r-v01 (SP: None, AP: 1)": {"safety": {"corr_coeff": {"pearson": 0.03429971702850181, "spearman": 0.034299717028501764, "kendall": 0.03429971702850177}, "p_value": {"pearson": 0.5224446170239261, "spearman": 0.522444617023926, "kendall": 0.5216710912822422}, "kappa_score": 0.011428571428571455, "total_responses": 350, "valid_responses": 347, "krippendorff_alpha": NaN, "type": "categorical", "expert": "true", "task": "Toxicity \\ Safety"}}, "c4ai-command-r-plus (SP: None, AP: 1)": {"safety": {"corr_coeff": {"pearson": 0.0240771706171539, "spearman": 0.024077170617153837, "kendall": 0.02407717061715384}, "p_value": {"pearson": 0.6535064464278006, "spearman": 0.6535064464278008, "kendall": 0.6528556193058253}, "kappa_score": 0.005714285714285672, "total_responses": 350, "valid_responses": 343, "krippendorff_alpha": NaN, "type": "categorical", "expert": "true", "task": "Toxicity \\ Safety"}}, "gemini-1.5-flash-latest (SP: None, AP: 1)": {"safety": {"corr_coeff": {"pearson": -0.07053456158585965, "spearman": -0.07053456158585981, "kendall": -0.07053456158585983}, "p_value": {"pearson": 0.18800611846352572, "spearman": 0.18800611846352516, "kendall": 0.1876059856865543}, "kappa_score": -0.02857142857142847, "total_responses": 350, "valid_responses": 347, "krippendorff_alpha": NaN, "type": "categorical", "expert": "true", "task": "Toxicity \\ Safety"}}, "gpt-4o (SP: None, AP: 1)": {"safety": {"corr_coeff": {"pearson": -0.21594655199813417, "spearman": -0.2159465519981339, "kendall": -0.2159465519981339}, "p_value": {"pearson": 4.627127497003909e-05, "spearman": 4.627127497003924e-05, "kendall": 5.4785252265652965e-05}, "kappa_score": -0.19999999999999996, "total_responses": 350, "valid_responses": 350, "krippendorff_alpha": NaN, "type": "categorical", "expert": "true", "task": "Toxicity \\ Safety"}}}