{"Meta-Llama-3.1-8B-Instruct (SP: None, AP: 1)": {"safety": {"corr_coeff": {"pearson": -0.11533127752242908, "spearman": -0.1153312775224291, "kendall": -0.1153312775224291}, "p_value": {"pearson": 0.0002765072831558956, "spearman": 0.0002765072831558979, "kendall": 0.00028675468224770696}, "kappa_score": -0.1055355859094178, "total_responses": 990, "valid_responses": 990, "krippendorff_alpha": 0.14324966231784253, "type": "categorical", "expert": "false", "task": "Toxicity \\ Safety"}}, "Meta-Llama-3.1-70B-Instruct (SP: None, AP: 1)": {"safety": {"corr_coeff": {"pearson": -0.18770045654495793, "spearman": -0.1881826361609103, "kendall": -0.18790136179582256}, "p_value": {"pearson": 2.6591022291674674e-09, "spearman": 2.4175154671347696e-09, "kendall": 3.2580620468389264e-09}, "kappa_score": -0.17189063021007, "total_responses": 990, "valid_responses": 990, "krippendorff_alpha": 0.14324966231784253, "type": "categorical", "expert": "false", "task": "Toxicity \\ Safety"}}, "Mistral-7B-Instruct-v0.3 (SP: None, AP: 1)": {"safety": {"corr_coeff": {"pearson": -0.19300170971848246, "spearman": -0.1809625998855456, "kendall": -0.17166710744035713}, "p_value": {"pearson": 9.203829009047988e-10, "spearman": 9.805095686272491e-09, "kendall": 1.2631314188380215e-08}, "kappa_score": -0.12182072598567784, "total_responses": 990, "valid_responses": 990, "krippendorff_alpha": 0.14324966231784253, "type": "categorical", "expert": "false", "task": "Toxicity \\ Safety"}}, "OLMo-7B-0724-Instruct-hf (SP: None, AP: 1)": {"safety": {"corr_coeff": {"pearson": 0.018342828174923463, "spearman": 0.017187240864836834, "kendall": 0.016286592586655605}, "p_value": {"pearson": 0.5643022907278529, "spearman": 0.5891000731279715, "kendall": 0.5888448724214141}, "kappa_score": 0.0013646338539841096, "total_responses": 990, "valid_responses": 349, "krippendorff_alpha": 0.14324966231784253, "type": "categorical", "expert": "false", "task": "Toxicity \\ Safety"}}, "Starling-LM-7B-alpha (SP: None, AP: 1)": {"safety": {"corr_coeff": {"pearson": -0.06552629322578157, "spearman": -0.07170650200952582, "kendall": -0.06946509823164507}, "p_value": {"pearson": 0.03926988712560882, "spearman": 0.024055170259181205, "kendall": 0.024130025205201307}, "kappa_score": -0.04891900921109138, "total_responses": 990, "valid_responses": 766, "krippendorff_alpha": 0.14324966231784253, "type": "categorical", "expert": "false", "task": "Toxicity \\ Safety"}}, "Mixtral-8x7B-Instruct-v0.1 (SP: None, AP: 1)": {"safety": {"corr_coeff": {"pearson": -0.33171908004932904, "spearman": -0.34967225520668116, "kendall": -0.33344101529622955}, "p_value": {"pearson": 7.409939367844903e-27, "spearman": 7.548041582051201e-30, "kendall": 3.967132879403278e-28}, "kappa_score": -0.20317166264752395, "total_responses": 990, "valid_responses": 975, "krippendorff_alpha": 0.14324966231784253, "type": "categorical", "expert": "false", "task": "Toxicity \\ Safety"}}, "Mixtral-8x22B-Instruct-v0.1 (SP: None, AP: 1)": {"safety": {"corr_coeff": {"pearson": -0.26981131303612915, "spearman": -0.26368600153535193, "kendall": -0.2513447365108062}, "p_value": {"pearson": 5.650323894368912e-18, "spearman": 3.285356407558789e-17, "kendall": 1.1089729266001734e-16}, "kappa_score": -0.15999118809291057, "total_responses": 990, "valid_responses": 990, "krippendorff_alpha": 0.14324966231784253, "type": "categorical", "expert": "false", "task": "Toxicity \\ Safety"}}, "c4ai-command-r-v01 (SP: None, AP: 1)": {"safety": {"corr_coeff": {"pearson": -0.02245453886653422, "spearman": -0.022454538866534195, "kendall": -0.02245453886653419}, "p_value": {"pearson": 0.4803672791041373, "spearman": 0.48036727910413923, "kendall": 0.480089478636597}, "kappa_score": -0.018261964735516223, "total_responses": 990, "valid_responses": 990, "krippendorff_alpha": 0.14324966231784253, "type": "categorical", "expert": "false", "task": "Toxicity \\ Safety"}}, "c4ai-command-r-plus (SP: None, AP: 1)": {"safety": {"corr_coeff": {"pearson": -0.10852194056185566, "spearman": -0.10852194056185475, "kendall": -0.10852194056185474}, "p_value": {"pearson": 0.0006253937912476484, "spearman": 0.0006253937912477103, "kendall": 0.000642901042818979}, "kappa_score": -0.09278193193956974, "total_responses": 990, "valid_responses": 988, "krippendorff_alpha": 0.14324966231784253, "type": "categorical", "expert": "false", "task": "Toxicity \\ Safety"}}, "gemini-1.5-flash-latest (SP: None, AP: 1)": {"safety": {"corr_coeff": {"pearson": -0.137412697787207, "spearman": -0.15282339146893867, "kendall": -0.14980485536777746}, "p_value": {"pearson": 1.4331220080289281e-05, "spearman": 1.3598300177480055e-06, "kendall": 1.5394401727926e-06}, "kappa_score": -0.1248805352022937, "total_responses": 990, "valid_responses": 981, "krippendorff_alpha": 0.14324966231784253, "type": "categorical", "expert": "false", "task": "Toxicity \\ Safety"}}, "gpt-4o (SP: None, AP: 1)": {"safety": {"corr_coeff": {"pearson": -0.31650744791084795, "spearman": -0.3343664962382234, "kendall": -0.3269875403583968}, "p_value": {"pearson": 1.794004828494469e-24, "spearman": 2.7599449242910953e-27, "kendall": 7.346116375366154e-26}, "kappa_score": -0.2351303867185186, "total_responses": 990, "valid_responses": 990, "krippendorff_alpha": 0.14324966231784253, "type": "categorical", "expert": "false", "task": "Toxicity \\ Safety"}}}