{"Meta-Llama-3.1-8B-Instruct (SP: None, AP: 1)": {"quality_single_turn": {"corr_coeff": {"pearson": 0.5821415263317513, "spearman": 0.5821415263317513, "kendall": 0.5821415263317513}, "p_value": {"pearson": 2.116125242406308e-10, "spearman": 2.1161252424062967e-10, "kendall": 6.945584223636807e-09}, "kappa_score": 0.5655608214849921, "total_responses": 100, "valid_responses": 100, "krippendorff_alpha": NaN, "type": "categorical", "expert": "true", "task": "Instruction Following"}}, "Meta-Llama-3.1-70B-Instruct (SP: None, AP: 1)": {"quality_single_turn": {"corr_coeff": {"pearson": 0.8000380752939151, "spearman": 0.8000380752939151, "kendall": 0.8000380752939154}, "p_value": {"pearson": 1.7985391606480522e-23, "spearman": 1.7985391606480613e-23, "kendall": 1.7165269918534544e-15}, "kappa_score": 0.7974068071312804, "total_responses": 100, "valid_responses": 100, "krippendorff_alpha": NaN, "type": "categorical", "expert": "true", "task": "Instruction Following"}}, "Mistral-7B-Instruct-v0.3 (SP: None, AP: 1)": {"quality_single_turn": {"corr_coeff": {"pearson": 0.40302308954137206, "spearman": 0.403023089541372, "kendall": 0.40302308954137195}, "p_value": {"pearson": 3.2202558489810924e-05, "spearman": 3.220255848981116e-05, "kendall": 6.071126269063639e-05}, "kappa_score": 0.302496328928047, "total_responses": 100, "valid_responses": 100, "krippendorff_alpha": NaN, "type": "categorical", "expert": "true", "task": "Instruction Following"}}, "OLMo-7B-0724-Instruct-hf (SP: None, AP: 1)": {"quality_single_turn": {"corr_coeff": {"pearson": 0.2797163032023954, "spearman": 0.27971630320239527, "kendall": 0.27971630320239527}, "p_value": {"pearson": 0.004825047586315933, "spearman": 0.004825047586315891, "kendall": 0.005383522572481752}, "kappa_score": 0.24357034795763988, "total_responses": 100, "valid_responses": 94, "krippendorff_alpha": NaN, "type": "categorical", "expert": "true", "task": "Instruction Following"}}, "Starling-LM-7B-alpha (SP: None, AP: 1)": {"quality_single_turn": {"corr_coeff": {"pearson": 0.2903702308309205, "spearman": 0.2903702308309204, "kendall": 0.29037023083092034}, "p_value": {"pearson": 0.0033829231837294096, "spearman": 0.003382923183729382, "kendall": 0.003862880558300492}, "kappa_score": 0.28457869634340227, "total_responses": 100, "valid_responses": 33, "krippendorff_alpha": NaN, "type": "categorical", "expert": "true", "task": "Instruction Following"}}, "c4ai-command-r-v01 (SP: None, AP: 1)": {"quality_single_turn": {"corr_coeff": {"pearson": 0.5967763691724938, "spearman": 0.5967763691724937, "kendall": 0.5967763691724937}, "p_value": {"pearson": 5.657045453871055e-11, "spearman": 5.657045453871054e-11, "kendall": 2.88784243824372e-09}, "kappa_score": 0.5948136142625609, "total_responses": 100, "valid_responses": 95, "krippendorff_alpha": NaN, "type": "categorical", "expert": "true", "task": "Instruction Following"}}, "Mixtral-8x7B-Instruct-v0.1 (SP: None, AP: 1)": {"quality_single_turn": {"corr_coeff": {"pearson": 0.5503994609656246, "spearman": 0.5503994609656246, "kendall": 0.5503994609656246}, "p_value": {"pearson": 2.9874970881229034e-09, "spearman": 2.9874970881228728e-09, "kendall": 4.34052426921038e-08}, "kappa_score": 0.5414673046251993, "total_responses": 100, "valid_responses": 95, "krippendorff_alpha": NaN, "type": "categorical", "expert": "true", "task": "Instruction Following"}}, "gpt-4o (SP: None, AP: 1)": {"quality_single_turn": {"corr_coeff": {"pearson": 0.8406904165181998, "spearman": 0.8406904165181995, "kendall": 0.8406904165181995}, "p_value": {"pearson": 7.4594885489168595e-28, "spearman": 7.459488548917593e-28, "kendall": 6.02353557972652e-17}, "kappa_score": 0.8379254457050243, "total_responses": 100, "valid_responses": 100, "krippendorff_alpha": NaN, "type": "categorical", "expert": "true", "task": "Instruction Following"}}, "gemini-1.5-flash-latest (SP: None, AP: 1)": {"quality_single_turn": {"corr_coeff": {"pearson": 0.8006740923333102, "spearman": 0.8006740923333093, "kendall": 0.8006740923333093}, "p_value": {"pearson": 1.564259246107143e-23, "spearman": 1.5642592461074312e-23, "kendall": 1.6309076617799017e-15}, "kappa_score": 0.7892074198988195, "total_responses": 100, "valid_responses": 100, "krippendorff_alpha": NaN, "type": "categorical", "expert": "true", "task": "Instruction Following"}}, "Mixtral-8x22B-Instruct-v0.1 (SP: None, AP: 1)": {"quality_single_turn": {"corr_coeff": {"pearson": 0.7234923069865394, "spearman": 0.7234923069865389, "kendall": 0.723492306986539}, "p_value": {"pearson": 1.860490298324805e-17, "spearman": 1.86049029832499e-17, "kendall": 6.080825115544152e-13}, "kappa_score": 0.7181964573268922, "total_responses": 100, "valid_responses": 100, "krippendorff_alpha": NaN, "type": "categorical", "expert": "true", "task": "Instruction Following"}}, "c4ai-command-r-plus (SP: None, AP: 1)": {"quality_single_turn": {"corr_coeff": {"pearson": 0.5973419605794147, "spearman": 0.5973419605794149, "kendall": 0.5973419605794149}, "p_value": {"pearson": 5.3686543014718734e-11, "spearman": 5.368654301471783e-11, "kendall": 2.7903812912419974e-09}, "kappa_score": 0.5556414219474498, "total_responses": 100, "valid_responses": 100, "krippendorff_alpha": NaN, "type": "categorical", "expert": "true", "task": "Instruction Following"}}}