{"Meta-Llama-3.1-8B-Instruct (SP: None, AP: 1)": {"query risk level": {"corr_coeff": {"pearson": 0.05101651197249429, "spearman": 0.0494814811721004, "kendall": 0.04782851506042888}, "p_value": {"pearson": 0.0019053273671922719, "spearman": 0.002603242896897523, "kendall": 0.0026224771604636717}, "kappa_score": 0.005986191921243722, "total_responses": 3701, "valid_responses": 3557, "krippendorff_alpha": NaN, "type": "categorical", "expert": "true", "task": "Toxicity \\ Safety"}, "response type": {"corr_coeff": {"pearson": 0.29793335883794836, "spearman": 0.3296389980271183, "kendall": 0.2880775676595703}, "p_value": {"pearson": 9.540976450498194e-77, "spearman": 1.5938600088991e-94, "kendall": 4.5367234918224985e-93}, "kappa_score": 0.009719538869847666, "total_responses": 3701, "valid_responses": 3003, "krippendorff_alpha": NaN, "type": "categorical", "expert": "true", "task": "Toxicity \\ Safety"}}, "Meta-Llama-3.1-70B-Instruct (SP: None, AP: 1)": {"query risk level": {"corr_coeff": {"pearson": 0.21056414385730818, "spearman": 0.23922772160811998, "kendall": 0.2301391958120247}, "p_value": {"pearson": 2.3197911744610075e-38, "spearman": 2.515767331542768e-49, "kendall": 2.830947263098526e-48}, "kappa_score": 0.01995544511585967, "total_responses": 3701, "valid_responses": 3620, "krippendorff_alpha": NaN, "type": "categorical", "expert": "true", "task": "Toxicity \\ Safety"}, "response type": {"corr_coeff": {"pearson": 0.5736315418696465, "spearman": 0.6143235630056607, "kendall": 0.5491584229676466}, "p_value": {"pearson": 7e-323, "spearman": 0.0, "kendall": 0.0}, "kappa_score": -0.07073936234498746, "total_responses": 3701, "valid_responses": 3509, "krippendorff_alpha": NaN, "type": "categorical", "expert": "true", "task": "Toxicity \\ Safety"}}, "Mistral-7B-Instruct-v0.3 (SP: None, AP: 1)": {"query risk level": {"corr_coeff": {"pearson": 0.17901979891698938, "spearman": 0.1935548930793823, "kendall": 0.18752762348959684}, "p_value": {"pearson": 4.989560900241574e-28, "spearman": 1.4395528789829088e-32, "kendall": 4.6410395292234096e-32}, "kappa_score": 0.05464715855631852, "total_responses": 3701, "valid_responses": 3701, "krippendorff_alpha": NaN, "type": "categorical", "expert": "true", "task": "Toxicity \\ Safety"}, "response type": {"corr_coeff": {"pearson": 0.5671836328249039, "spearman": 0.6422013333429059, "kendall": 0.58321806692291}, "p_value": {"pearson": 3.8174844853e-314, "spearman": 0.0, "kendall": 0.0}, "kappa_score": -0.12024198401226971, "total_responses": 3701, "valid_responses": 3693, "krippendorff_alpha": NaN, "type": "categorical", "expert": "true", "task": "Toxicity \\ Safety"}}, "OLMo-7B-0724-Instruct-hf (SP: None, AP: 1)": {"query risk level": {"corr_coeff": {"pearson": 0.07349509856480446, "spearman": 0.08033910542892049, "kendall": 0.07414209939503455}, "p_value": {"pearson": 7.616863068886507e-06, "spearman": 9.892848705811954e-07, "kendall": 1.0332591946692546e-06}, "kappa_score": 0.02870036060628478, "total_responses": 3701, "valid_responses": 2630, "krippendorff_alpha": NaN, "type": "categorical", "expert": "true", "task": "Toxicity \\ Safety"}, "response type": {"corr_coeff": {"pearson": 0.39005580346366253, "spearman": 0.45135155951155603, "kendall": 0.41216370106311795}, "p_value": {"pearson": 9.083553159433721e-135, "spearman": 3.061207583617912e-185, "kendall": 6.729613165012955e-180}, "kappa_score": -0.07365554941883223, "total_responses": 3701, "valid_responses": 3640, "krippendorff_alpha": NaN, "type": "categorical", "expert": "true", "task": "Toxicity \\ Safety"}}, "Starling-LM-7B-alpha (SP: None, AP: 1)": {"query risk level": {"corr_coeff": {"pearson": 0.020531232010550543, "spearman": 0.029164566838196154, "kendall": 0.026503915740595435}, "p_value": {"pearson": 0.21175852644479423, "spearman": 0.07605834437288624, "kendall": 0.0755086954634251}, "kappa_score": 0.01747077862844404, "total_responses": 3701, "valid_responses": 1015, "krippendorff_alpha": NaN, "type": "categorical", "expert": "true", "task": "Toxicity \\ Safety"}, "response type": {"corr_coeff": {"pearson": 0.14470618162065416, "spearman": 0.19258900333831078, "kendall": 0.1656962750230274}, "p_value": {"pearson": 8.994392728342013e-19, "spearman": 2.961771373983174e-32, "kendall": 3.8866737247769415e-32}, "kappa_score": -0.008782326848341793, "total_responses": 3701, "valid_responses": 592, "krippendorff_alpha": NaN, "type": "categorical", "expert": "true", "task": "Toxicity \\ Safety"}}, "c4ai-command-r-v01 (SP: None, AP: 1)": {"query risk level": {"corr_coeff": {"pearson": 0.12168487469600664, "spearman": 0.12277703162637583, "kendall": 0.11388267352713825}, "p_value": {"pearson": 1.103199020529283e-13, "spearman": 6.625147578694866e-14, "kendall": 7.91947189031591e-14}, "kappa_score": 0.020368184802752154, "total_responses": 3701, "valid_responses": 2455, "krippendorff_alpha": NaN, "type": "categorical", "expert": "true", "task": "Toxicity \\ Safety"}, "response type": {"corr_coeff": {"pearson": -0.007490958927629529, "spearman": -0.008415986137478196, "kendall": -0.007181826436232639}, "p_value": {"pearson": 0.6486983111171204, "spearman": 0.6087701756083095, "kendall": 0.6081746145119713}, "kappa_score": -0.00014450261398479824, "total_responses": 3701, "valid_responses": 15, "krippendorff_alpha": NaN, "type": "categorical", "expert": "true", "task": "Toxicity \\ Safety"}}, "gpt-3.5-turbo-0125 (SP: None, AP: 1)": {"query risk level": {"corr_coeff": {"pearson": 0.07176776109595101, "spearman": 0.07636096067038117, "kendall": 0.07133724463334272}, "p_value": {"pearson": 1.2412514784826052e-05, "spearman": 3.3080129508524816e-06, "kendall": 3.411909392946026e-06}, "kappa_score": 0.026276786365348914, "total_responses": 3701, "valid_responses": 2876, "krippendorff_alpha": NaN, "type": "categorical", "expert": "true", "task": "Toxicity \\ Safety"}, "response type": {"corr_coeff": {"pearson": 0.4691894604015343, "spearman": 0.5518240889400726, "kendall": 0.49117430430830616}, "p_value": {"pearson": 5.397329858349022e-202, "spearman": 4.931774093764885e-294, "kendall": 1.7017829665121875e-266}, "kappa_score": -5.7952864594312814e-05, "total_responses": 3701, "valid_responses": 3555, "krippendorff_alpha": NaN, "type": "categorical", "expert": "true", "task": "Toxicity \\ Safety"}}, "Mixtral-8x7B-Instruct-v0.1 (SP: None, AP: 1)": {"query risk level": {"corr_coeff": {"pearson": 0.21239320458315175, "spearman": 0.21544950181189695, "kendall": 0.20100228134835965}, "p_value": {"pearson": 5.143466890841541e-39, "spearman": 4.021958834481282e-40, "kendall": 2.7526685311081342e-39}, "kappa_score": 0.04523027365403509, "total_responses": 3701, "valid_responses": 2858, "krippendorff_alpha": NaN, "type": "categorical", "expert": "true", "task": "Toxicity \\ Safety"}, "response type": {"corr_coeff": {"pearson": 0.4242174994222434, "spearman": 0.5183026353526027, "kendall": 0.4655599494211306}, "p_value": {"pearson": 1.340204007274853e-161, "spearman": 1.3068923455320874e-253, "kendall": 2.250740246964063e-231}, "kappa_score": -0.03942887108750792, "total_responses": 3701, "valid_responses": 3399, "krippendorff_alpha": NaN, "type": "categorical", "expert": "true", "task": "Toxicity \\ Safety"}}, "gemini-1.5-flash-latest (SP: None, AP: 1)": {"query risk level": {"corr_coeff": {"pearson": 0.18020894512211058, "spearman": 0.1870777364384095, "kendall": 0.1824752414461148}, "p_value": {"pearson": 2.191167442195251e-28, "spearman": 1.688626508783109e-30, "kendall": 3.898105253278739e-30}, "kappa_score": 0.024888726891037494, "total_responses": 3701, "valid_responses": 3697, "krippendorff_alpha": NaN, "type": "categorical", "expert": "true", "task": "Toxicity \\ Safety"}, "response type": {"corr_coeff": {"pearson": 0.5754657285163979, "spearman": 0.6107777445516824, "kendall": 0.5498142363363563}, "p_value": {"pearson": 0.0, "spearman": 0.0, "kendall": 0.0}, "kappa_score": -0.09087640209682313, "total_responses": 3701, "valid_responses": 3484,