{"Meta-Llama-3.1-8B-Instruct (SP: None, AP: 1)": {"coherence": {"corr_coeff": {"pearson": 0.27047910275469167, "spearman": 0.26380610457656534, "kendall": 0.2203422648937206}, "p_value": {"pearson": 3.1752779588024287e-28, "spearman": 6.993566842455501e-27, "kendall": 7.547485539865297e-27}, "kappa_score": NaN, "total_responses": 1600, "valid_responses": 1565, "krippendorff_alpha": NaN, "type": "graded", "expert": "unknown", "task": "Summarisation"}, "consistency": {"corr_coeff": {"pearson": 0.37147052051865737, "spearman": 0.3302487580239201, "kendall": 0.2984925000292603}, "p_value": {"pearson": 1.594670469089826e-53, "spearman": 5.08531902178121e-42, "kendall": 1.3184526140886785e-40}, "kappa_score": NaN, "total_responses": 1600, "valid_responses": 1308, "krippendorff_alpha": NaN, "type": "graded", "expert": "unknown", "task": "Summarisation"}, "fluency": {"corr_coeff": {"pearson": 0.20824774885802425, "spearman": 0.1833725629333518, "kendall": 0.1714665013872069}, "p_value": {"pearson": 3.901261668545792e-17, "spearman": 1.4470906908289712e-13, "kendall": 1.94001300084767e-13}, "kappa_score": NaN, "total_responses": 1600, "valid_responses": 1577, "krippendorff_alpha": NaN, "type": "graded", "expert": "unknown", "task": "Summarisation"}, "relevance": {"corr_coeff": {"pearson": 0.4260251986260411, "spearman": 0.40184963316222827, "kendall": 0.33438416046797886}, "p_value": {"pearson": 1.487420646997065e-71, "spearman": 3.806753325103464e-63, "kendall": 8.028260206208209e-60}, "kappa_score": NaN, "total_responses": 1600, "valid_responses": 1561, "krippendorff_alpha": NaN, "type": "graded", "expert": "unknown", "task": "Summarisation"}}, "Meta-Llama-3.1-70B-Instruct (SP: None, AP: 1)": {"coherence": {"corr_coeff": {"pearson": 0.560978647488454, "spearman": 0.5529159675242502, "kendall": 0.45847446648669515}, "p_value": {"pearson": 2.6348162253567184e-133, "spearman": 8.809781864660219e-129, "kendall": 4.024327247537073e-117}, "kappa_score": NaN, "total_responses": 1600, "valid_responses": 1495, "krippendorff_alpha": NaN, "type": "graded", "expert": "unknown", "task": "Summarisation"}, "consistency": {"corr_coeff": {"pearson": 0.5057234030992921, "spearman": 0.47151931037040307, "kendall": 0.43548259059387184}, "p_value": {"pearson": 1.2470041657187673e-104, "spearman": 2.3491773430853247e-89, "kendall": 5.121659575010442e-82}, "kappa_score": NaN, "total_responses": 1600, "valid_responses": 1363, "krippendorff_alpha": NaN, "type": "graded", "expert": "unknown", "task": "Summarisation"}, "fluency": {"corr_coeff": {"pearson": 0.28344462344247673, "spearman": 0.22747841271439784, "kendall": 0.21166171845574158}, "p_value": {"pearson": 6.059689094116795e-31, "spearman": 3.1693454956091243e-20, "kendall": 7.198556144705322e-20}, "kappa_score": NaN, "total_responses": 1600, "valid_responses": 1596, "krippendorff_alpha": NaN, "type": "graded", "expert": "unknown", "task": "Summarisation"}, "relevance": {"corr_coeff": {"pearson": 0.5194448007549259, "spearman": 0.4995815433484568, "kendall": 0.41803152282639494}, "p_value": {"pearson": 2.903694123289131e-111, "spearman": 9.291507245727395e-102, "kendall": 1.987002525729787e-93}, "kappa_score": NaN, "total_responses": 1600, "valid_responses": 1540, "krippendorff_alpha": NaN, "type": "graded", "expert": "unknown", "task": "Summarisation"}}, "Mistral-7B-Instruct-v0.3 (SP: None, AP: 1)": {"coherence": {"corr_coeff": {"pearson": 0.5073977124157438, "spearman": 0.4785136370724813, "kendall": 0.3901246345568054}, "p_value": {"pearson": 2.0074859421393526e-105, "spearman": 2.4369370318487272e-92, "kendall": 2.7448480740614264e-87}, "kappa_score": NaN, "total_responses": 1600, "valid_responses": 1600, "krippendorff_alpha": NaN, "type": "graded", "expert": "unknown", "task": "Summarisation"}, "consistency": {"corr_coeff": {"pearson": 0.5763242614547499, "spearman": 0.45870829257424445, "kendall": 0.4323081757877207}, "p_value": {"pearson": 2.867594069190801e-142, "spearman": 4.570830810743547e-84, "kendall": 5.468299082412602e-76}, "kappa_score": NaN, "total_responses": 1600, "valid_responses": 1600, "krippendorff_alpha": NaN, "type": "graded", "expert": "unknown", "task": "Summarisation"}, "fluency": {"corr_coeff": {"pearson": 0.2704924475710678, "spearman": 0.2293733815854767, "kendall": 0.21650209357087472}, "p_value": {"pearson": 3.155425062072236e-28, "spearman": 1.515321164237217e-20, "kendall": 3.2672620846690324e-20}, "kappa_score": NaN, "total_responses": 1600, "valid_responses": 1600, "krippendorff_alpha": NaN, "type": "graded", "expert": "unknown", "task": "Summarisation"}, "relevance": {"corr_coeff": {"pearson": 0.5081712234750231, "spearman": 0.45101896647996964, "kendall": 0.3791875460886555}, "p_value": {"pearson": 8.604015666891898e-106, "spearman": 5.344975587295435e-81, "kendall": 8.5877547096394e-76}, "kappa_score": NaN, "total_responses": 1600, "valid_responses": 1600, "krippendorff_alpha": NaN, "type": "graded", "expert": "unknown", "task": "Summarisation"}}, "OLMo-7B-0724-Instruct-hf (SP: None, AP: 1)": {"coherence": {"corr_coeff": {"pearson": 0.032911664952969266, "spearman": 0.039951588258151, "kendall": 0.03214313433764313}, "p_value": {"pearson": 0.1882431333319307, "spearman": 0.11016490902232509, "kendall": 0.11113036417311042}, "kappa_score": NaN, "total_responses": 1600, "valid_responses": 1305, "krippendorff_alpha": NaN, "type": "graded", "expert": "unknown", "task": "Summarisation"}, "consistency": {"corr_coeff": {"pearson": 0.0739977792089675, "spearman": 0.09428082153194615, "kendall": 0.08251753963852611}, "p_value": {"pearson": 0.0030598657968736935, "spearman": 0.00015891964946481435, "kendall": 0.0001722134483510144}, "kappa_score": NaN, "total_responses": 1600, "valid_responses": 1173, "krippendorff_alpha": NaN, "type": "graded", "expert": "unknown", "task": "Summarisation"}, "fluency": {"corr_coeff": {"pearson": 0.051028388724200666, "spearman": 0.04860830234778402, "kendall": 0.04479221436451495}, "p_value": {"pearson": 0.04126375325829125, "spearman": 0.05190007316691782, "kendall": 0.05159018715997616}, "kappa_score": NaN, "total_responses": 1600, "valid_responses": 1347, "krippendorff_alpha": NaN, "type": "graded", "expert": "unknown", "task": "Summarisation"}, "relevance": {"corr_coeff": {"pearson": 0.06905800316754906, "spearman": 0.06391136854369647, "kendall": 0.05192556232004021}, "p_value": {"pearson": 0.005719196228248066, "spearman": 0.010555759695057109, "kendall": 0.009481322846701586}, "kappa_score": NaN, "total_responses": 1600, "valid_responses": 1256, "krippendorff_alpha": NaN, "type": "graded", "expert": "unknown", "task": "Summarisation"}}, "Starling-LM-7B-alpha (SP: None, AP: 1)": {"coherence": {"corr_coeff": {"pearson": 0.18277293416781243, "spearman": 0.2023135301750147, "kendall": 0.17147934386502667}, "p_value": {"pearson": 1.740587801923828e-13, "spearman": 3.0622042853378767e-16, "kendall": 4.001625059027878e-16}, "kappa_score": NaN, "total_responses": 1600, "valid_responses": 1558, "krippendorff_alpha": NaN, "type": "graded", "expert": "unknown", "task": "Summarisation"}, "consistency": {"corr_coeff": {"pearson": 0.1380480513728997, "spearman": 0.1162211490660169, "kendall": 0.10382521792486055}, "p_value": {"pearson": 2.9535109867591123e-08, "spearman": 3.146529797806418e-06, "kendall": 3.776084360597926e-06}, "kappa_score": NaN, "total_responses": 1600, "valid_responses": 1453, "krippendorff_alpha": NaN, "type": "graded", "expert": "unknown", "task": "Summarisation"}, "fluency": {"corr_coeff": {"pearson": 0.10128469815276288, "spearman": 0.10335231561750381, "kendall": 0.09469818204175409}, "p_value": {"pearson": 4.935457478941033e-05, "spearman": 3.443538189799679e-05, "kendall": 3.2712194424143825e-05}, "kappa_score": NaN, "total_responses": 1600, "valid_responses": 1582, "krippendorff_alpha": NaN, "type": "graded", "expert": "unknown", "task": "Summarisation"}, "relevance": {"corr_coeff": {"pearson": 0.16288290294080976,