{"Meta-Llama-3.1-8B-Instruct (SP: None, AP: 1)": {"quality": {"corr_coeff": {"pearson": 0.1728697864929753, "spearman": 0.14402318497048702, "kendall": 0.12275443041884627}, "p_value": {"pearson": 1.9470827661565935e-107, "spearman": 8.140599167147382e-75, "kendall": 3.569652621369744e-74}, "kappa_score": NaN, "total_responses": 15981, "valid_responses": 15981, "krippendorff_alpha": 0.08958290049471562, "type": "graded", "expert": "true", "task": "Translation"}}, "Meta-Llama-3.1-70B-Instruct (SP: None, AP: 1)": {"quality": {"corr_coeff": {"pearson": 0.4170557674591649, "spearman": 0.3940437848092939, "kendall": 0.32597605215638065}, "p_value": {"pearson": 0.0, "spearman": 0.0, "kendall": 0.0}, "kappa_score": NaN, "total_responses": 15981, "valid_responses": 15981, "krippendorff_alpha": 0.08958290049471562, "type": "graded", "expert": "true", "task": "Translation"}}, "Mistral-7B-Instruct-v0.3 (SP: None, AP: 1)": {"quality": {"corr_coeff": {"pearson": 0.4005586326449777, "spearman": 0.39475489141032993, "kendall": 0.33091311479691876}, "p_value": {"pearson": 0.0, "spearman": 0.0, "kendall": 0.0}, "kappa_score": NaN, "total_responses": 15981, "valid_responses": 15981, "krippendorff_alpha": 0.08958290049471562, "type": "graded", "expert": "true", "task": "Translation"}}, "OLMo-7B-0724-Instruct-hf (SP: None, AP: 1)": {"quality": {"corr_coeff": {"pearson": 0.007044784598106288, "spearman": 0.013411672035122089, "kendall": 0.01079654909304757}, "p_value": {"pearson": 0.37318955906327306, "spearman": 0.09000083839073424, "kendall": 0.07976640769420172}, "kappa_score": NaN, "total_responses": 15981, "valid_responses": 11170, "krippendorff_alpha": 0.08958290049471562, "type": "graded", "expert": "true", "task": "Translation"}}, "Starling-LM-7B-alpha (SP: None, AP: 1)": {"quality": {"corr_coeff": {"pearson": 0.08394944824731905, "spearman": 0.14633582199157502, "kendall": 0.11581606090434893}, "p_value": {"pearson": 2.1497994199275982e-26, "spearman": 3.3393265747605765e-77, "kendall": 6.186657860864506e-78}, "kappa_score": NaN, "total_responses": 15981, "valid_responses": 12976, "krippendorff_alpha": 0.08958290049471562, "type": "graded", "expert": "true", "task": "Translation"}}, "c4ai-command-r-v01 (SP: None, AP: 1)": {"quality": {"corr_coeff": {"pearson": 0.151044970548462, "spearman": 0.14932640148571977, "kendall": 0.1272992751867027}, "p_value": {"pearson": 3.4749978997977564e-82, "spearman": 2.3898509927296976e-80, "kendall": 9.871246419655725e-80}, "kappa_score": NaN, "total_responses": 15981, "valid_responses": 15976, "krippendorff_alpha": 0.08958290049471562, "type": "graded", "expert": "true", "task": "Translation"}}, "Mixtral-8x7B-Instruct-v0.1 (SP: None, AP: 1)": {"quality": {"corr_coeff": {"pearson": 0.14064273164956628, "spearman": 0.251070066118943, "kendall": 0.20279943467835793}, "p_value": {"pearson": 2.132774323471083e-71, "spearman": 3.0161196103858966e-228, "kendall": 3.914927796931319e-229}, "kappa_score": NaN, "total_responses": 15981, "valid_responses": 13859, "krippendorff_alpha": 0.08958290049471562, "type": "graded", "expert": "true", "task": "Translation"}}, "gpt-4o (SP: None, AP: 1)": {"quality": {"corr_coeff": {"pearson": 0.54135400855664, "spearman": 0.5438537780160586, "kendall": 0.4442394605067084}, "p_value": {"pearson": 0.0, "spearman": 0.0, "kendall": 0.0}, "kappa_score": NaN, "total_responses": 15981, "valid_responses": 15981, "krippendorff_alpha": 0.08958290049471562, "type": "graded", "expert": "true", "task": "Translation"}}, "gemini-1.5-flash-latest (SP: None, AP: 1)": {"quality": {"corr_coeff": {"pearson": 0.41743392546259445, "spearman": 0.4078818609008695, "kendall": 0.3353336374389152}, "p_value": {"pearson": 0.0, "spearman": 0.0, "kendall": 0.0}, "kappa_score": NaN, "total_responses": 15981, "valid_responses": 15970, "krippendorff_alpha": 0.08958290049471562, "type": "graded", "expert": "true", "task": "Translation"}}, "Mixtral-8x22B-Instruct-v0.1 (SP: None, AP: 1)": {"quality": {"corr_coeff": {"pearson": 0.4564017843607329, "spearman": 0.47596225658115504, "kendall": 0.3942251468959172}, "p_value": {"pearson": 0.0, "spearman": 0.0, "kendall": 0.0}, "kappa_score": NaN, "total_responses": 15981, "valid_responses": 15981, "krippendorff_alpha": 0.08958290049471562, "type": "graded", "expert": "true", "task": "Translation"}}, "c4ai-command-r-plus (SP: None, AP: 1)": {"quality": {"corr_coeff": {"pearson": 0.41947655947463336, "spearman": 0.4209588399892935, "kendall": 0.3478725134403857}, "p_value": {"pearson": 0.0, "spearman": 0.0, "kendall": 0.0}, "kappa_score": NaN, "total_responses": 15981, "valid_responses": 15981, "krippendorff_alpha": 0.08958290049471562, "type": "graded", "expert": "true", "task": "Translation"}}}