{"Meta-Llama-3.1-8B-Instruct (SP: None, AP: 1)": {"quality": {"corr_coeff": {"pearson": 0.14516407650660876, "spearman": 0.11400636962847423, "kendall": 0.0963266602693361}, "p_value": {"pearson": 1.2564892705905444e-47, "spearman": 6.428442353231072e-30, "kendall": 9.681784726065153e-30}, "kappa_score": NaN, "total_responses": 9871, "valid_responses": 9871, "krippendorff_alpha": 0.5040692706823591, "type": "graded", "expert": "true", "task": "Translation"}}, "Meta-Llama-3.1-70B-Instruct (SP: None, AP: 1)": {"quality": {"corr_coeff": {"pearson": 0.4158774114164169, "spearman": 0.36565911515757915, "kendall": 0.307253098898465}, "p_value": {"pearson": 0.0, "spearman": 5.61604276543844e-310, "kendall": 7.430936183638813e-300}, "kappa_score": NaN, "total_responses": 9871, "valid_responses": 9871, "krippendorff_alpha": 0.5040692706823591, "type": "graded", "expert": "true", "task": "Translation"}}, "Mistral-7B-Instruct-v0.3 (SP: None, AP: 1)": {"quality": {"corr_coeff": {"pearson": 0.3670679570985883, "spearman": 0.3581193314769679, "kendall": 0.3011420720771929}, "p_value": {"pearson": 1.557963411293e-312, "spearman": 1.6440372242267312e-296, "kendall": 3.4004870541478853e-282}, "kappa_score": NaN, "total_responses": 9871, "valid_responses": 9871, "krippendorff_alpha": 0.5040692706823591, "type": "graded", "expert": "true", "task": "Translation"}}, "OLMo-7B-0724-Instruct-hf (SP: None, AP: 1)": {"quality": {"corr_coeff": {"pearson": -0.010354966990892481, "spearman": -0.02764654718602803, "kendall": -0.021179310399019123}, "p_value": {"pearson": 0.3036237936721735, "spearman": 0.0060153775668697895, "kendall": 0.006180068651321939}, "kappa_score": NaN, "total_responses": 9871, "valid_responses": 7449, "krippendorff_alpha": 0.5040692706823591, "type": "graded", "expert": "true", "task": "Translation"}}, "Starling-LM-7B-alpha (SP: None, AP: 1)": {"quality": {"corr_coeff": {"pearson": 0.13517240222993618, "spearman": 0.15154193651907158, "kendall": 0.11732743774732908}, "p_value": {"pearson": 1.790436368914897e-41, "spearman": 8.590006593400132e-52, "kendall": 2.3884236373625236e-51}, "kappa_score": NaN, "total_responses": 9871, "valid_responses": 8342, "krippendorff_alpha": 0.5040692706823591, "type": "graded", "expert": "true", "task": "Translation"}}, "c4ai-command-r-v01 (SP: None, AP: 1)": {"quality": {"corr_coeff": {"pearson": 0.13659717987904216, "spearman": 0.1501743392657348, "kendall": 0.12688166240449855}, "p_value": {"pearson": 2.5295271675890113e-42, "spearman": 6.962397110440362e-51, "kendall": 2.2519231021227064e-50}, "kappa_score": NaN, "total_responses": 9871, "valid_responses": 9858, "krippendorff_alpha": 0.5040692706823591, "type": "graded", "expert": "true", "task": "Translation"}}, "Mixtral-8x7B-Instruct-v0.1 (SP: None, AP: 1)": {"quality": {"corr_coeff": {"pearson": 0.08871368630874123, "spearman": 0.19846529100190505, "kendall": 0.16262567641741363}, "p_value": {"pearson": 1.0443235023249196e-18, "spearman": 3.077034575791421e-88, "kendall": 8.245656035540567e-91}, "kappa_score": NaN, "total_responses": 9871, "valid_responses": 8593, "krippendorff_alpha": 0.5040692706823591, "type": "graded", "expert": "true", "task": "Translation"}}, "gpt-4o (SP: None, AP: 1)": {"quality": {"corr_coeff": {"pearson": 0.6491953794983608, "spearman": 0.6336122901346759, "kendall": 0.5290775619129362}, "p_value": {"pearson": 0.0, "spearman": 0.0, "kendall": 0.0}, "kappa_score": NaN, "total_responses": 9871, "valid_responses": 9871, "krippendorff_alpha": 0.5040692706823591, "type": "graded", "expert": "true", "task": "Translation"}}, "gemini-1.5-flash-latest (SP: None, AP: 1)": {"quality": {"corr_coeff": {"pearson": 0.4796941807206521, "spearman": 0.459755853034435, "kendall": 0.3827285331344099}, "p_value": {"pearson": 0.0, "spearman": 0.0, "kendall": 0.0}, "kappa_score": NaN, "total_responses": 9871, "valid_responses": 9816, "krippendorff_alpha": 0.5040692706823591, "type": "graded", "expert": "true", "task": "Translation"}}, "Mixtral-8x22B-Instruct-v0.1 (SP: None, AP: 1)": {"quality": {"corr_coeff": {"pearson": 0.5219243270897349, "spearman": 0.5058177929447741, "kendall": 0.42523059024057547}, "p_value": {"pearson": 0.0, "spearman": 0.0, "kendall": 0.0}, "kappa_score": NaN, "total_responses": 9871, "valid_responses": 9871, "krippendorff_alpha": 0.5040692706823591, "type": "graded", "expert": "true", "task": "Translation"}}, "c4ai-command-r-plus (SP: None, AP: 1)": {"quality": {"corr_coeff": {"pearson": 0.4322841647809978, "spearman": 0.4245210881655532, "kendall": 0.3445121460810888}, "p_value": {"pearson": 0.0, "spearman": 0.0, "kendall": 0.0}, "kappa_score": NaN, "total_responses": 9871, "valid_responses": 9871, "krippendorff_alpha": 0.5040692706823591, "type": "graded", "expert": "true", "task": "Translation"}}}