{"Meta-Llama-3.1-70B-Instruct (SP: None, AP: 11)": {"quality": {"corr_coeff": {"pearson": 0.1438167305009338, "spearman": 0.13663146753820318, "kendall": 0.10259849202042991}, "p_value": {"pearson": 8.745280133003093e-32, "spearman": 8.005568491450039e-29, "kendall": 8.883386696697662e-29}, "kappa_score": NaN, "total_responses": 6588, "valid_responses": 6588, "krippendorff_alpha": NaN, "type": "continuous", "expert": "true", "task": "Translation"}}, "Mistral-7B-Instruct-v0.3 (SP: None, AP: 11)": {"quality": {"corr_coeff": {"pearson": 0.1602086193261238, "spearman": 0.18352988016028376, "kendall": 0.14238144974631511}, "p_value": {"pearson": 3.9742794308710286e-39, "spearman": 5.316458156850512e-51, "kendall": 1.1013429841475105e-50}, "kappa_score": NaN, "total_responses": 6588, "valid_responses": 6588, "krippendorff_alpha": NaN, "type": "continuous", "expert": "true", "task": "Translation"}}, "OLMo-7B-0724-Instruct-hf (SP: None, AP: 11)": {"quality": {"corr_coeff": {"pearson": -0.010541422492530034, "spearman": -0.0524911835105237, "kendall": -0.03619743614842463}, "p_value": {"pearson": 0.3922900474996854, "spearman": 2.0201173486987602e-05, "kendall": 2.0864003415655497e-05}, "kappa_score": NaN, "total_responses": 6588, "valid_responses": 3828, "krippendorff_alpha": NaN, "type": "continuous", "expert": "true", "task": "Translation"}}, "Meta-Llama-3.1-8B-Instruct (SP: None, AP: 11)": {"quality": {"corr_coeff": {"pearson": 0.09364050671995079, "spearman": 0.0756900804608512, "kendall": 0.060607005683795415}, "p_value": {"pearson": 2.621292615100424e-14, "spearman": 7.691940155775377e-10, "kendall": 7.114691227142257e-10}, "kappa_score": NaN, "total_responses": 6588, "valid_responses": 6588, "krippendorff_alpha": NaN, "type": "continuous", "expert": "true", "task": "Translation"}}, "Starling-LM-7B-alpha (SP: None, AP: 5)": {"quality": {"corr_coeff": {"pearson": -0.04959638182864167, "spearman": -0.09125660000139234, "kendall": -0.0663066167242966}, "p_value": {"pearson": 5.642605769944491e-05, "spearman": 1.1618577573689862e-13, "kendall": 1.8508350804116426e-13}, "kappa_score": NaN, "total_responses": 6588, "valid_responses": 5189, "krippendorff_alpha": NaN, "type": "continuous", "expert": "true", "task": "Translation"}}, "Mixtral-8x7B-Instruct-v0.1 (SP: None, AP: 5)": {"quality": {"corr_coeff": {"pearson": 0.16556061432915092, "spearman": 0.17220565505072288, "kendall": 0.13169858567409576}, "p_value": {"pearson": 1.0561175103740562e-41, "spearman": 5.0423499683547746e-45, "kendall": 1.3247656433855623e-44}, "kappa_score": NaN, "total_responses": 6588, "valid_responses": 6577, "krippendorff_alpha": NaN, "type": "continuous", "expert": "true", "task": "Translation"}}, "c4ai-command-r-v01 (SP: None, AP: 5)": {"quality": {"corr_coeff": {"pearson": 0.19729275012937608, "spearman": 0.19454560212433003, "kendall": 0.14631348209303693}, "p_value": {"pearson": 8.25015684202735e-59, "spearman": 3.3373778050185177e-57, "kendall": 7.674486922262222e-57}, "kappa_score": NaN, "total_responses": 6588, "valid_responses": 6585, "krippendorff_alpha": NaN, "type": "continuous", "expert": "true", "task": "Translation"}}, "Mixtral-8x22B-Instruct-v0.1 (SP: None, AP: 5)": {"quality": {"corr_coeff": {"pearson": 0.19964348772680873, "spearman": 0.23183941790619364, "kendall": 0.17710514904612049}, "p_value": {"pearson": 3.328055573013882e-60, "spearman": 4.115366626444516e-81, "kendall": 4.980150466008373e-80}, "kappa_score": NaN, "total_responses": 6588, "valid_responses": 6582, "krippendorff_alpha": NaN, "type": "continuous", "expert": "true", "task": "Translation"}}, "c4ai-command-r-plus (SP: None, AP: 5)": {"quality": {"corr_coeff": {"pearson": 0.22147508727872864, "spearman": 0.22007131539459485, "kendall": 0.1612863449528827}, "p_value": {"pearson": 5.217257460965491e-74, "spearman": 4.487929011207248e-73, "kendall": 1.1390023330962316e-72}, "kappa_score": NaN, "total_responses": 6588, "valid_responses": 6588, "krippendorff_alpha": NaN, "type": "continuous", "expert": "true", "task": "Translation"}}, "gpt-4o (SP: None, AP: 5)": {"quality": {"corr_coeff": {"pearson": 0.22789266699597818, "spearman": 0.21683337705061406, "kendall": 0.156553095416438}, "p_value": {"pearson": 2.298762783828385e-78, "spearman": 6.0673761801265145e-71, "kendall": 4.738856110515324e-70}, "kappa_score": NaN, "total_responses": 6588, "valid_responses": 6585, "krippendorff_alpha": NaN, "type": "continuous", "expert": "true", "task": "Translation"}}, "gemini-1.5-flash-latest (SP: None, AP: 5)": {"quality": {"corr_coeff": {"pearson": 0.1597358428360015, "spearman": 0.1610978792630007, "kendall": 0.11921427897925653}, "p_value": {"pearson": 6.645587746990431e-39, "spearman": 1.5046368578728237e-39, "kendall": 2.4934502017362564e-39}, "kappa_score": NaN, "total_responses": 6588, "valid_responses": 6555, "krippendorff_alpha": NaN, "type": "continuous", "expert": "true", "task": "Translation"}}}