{"Meta-Llama-3.1-70B-Instruct (SP: None, AP: 11)": {"quality": {"corr_coeff": {"pearson": 0.2159073918484565, "spearman": 0.14456096719309744, "kendall": 0.10902678103592285}, "p_value": {"pearson": 1.6909357319036222e-139, "spearman": 8.849658551489862e-63, "kendall": 3.190828339249013e-63}, "kappa_score": NaN, "total_responses": 13245, "valid_responses": 13233, "krippendorff_alpha": NaN, "type": "continuous", "expert": "true", "task": "Translation"}}, "Mistral-7B-Instruct-v0.3 (SP: None, AP: 11)": {"quality": {"corr_coeff": {"pearson": 0.20164237243103184, "spearman": 0.14870105939626907, "kendall": 0.11149621734817233}, "p_value": {"pearson": 1.4719929587551271e-121, "spearman": 2.325724799075739e-66, "kendall": 5.990287079210521e-67}, "kappa_score": NaN, "total_responses": 13245, "valid_responses": 13245, "krippendorff_alpha": NaN, "type": "continuous", "expert": "true", "task": "Translation"}}, "OLMo-7B-0724-Instruct-hf (SP: None, AP: 11)": {"quality": {"corr_coeff": {"pearson": 0.015820619869741485, "spearman": 0.009092333220233157, "kendall": 0.006425778428699724}, "p_value": {"pearson": 0.06865421131096446, "spearman": 0.29540799490412006, "kendall": 0.2867830235623716}, "kappa_score": NaN, "total_responses": 13245, "valid_responses": 8091, "krippendorff_alpha": NaN, "type": "continuous", "expert": "true", "task": "Translation"}}, "Meta-Llama-3.1-8B-Instruct (SP: None, AP: 11)": {"quality": {"corr_coeff": {"pearson": 0.05362217886025379, "spearman": 0.02462117860055734, "kendall": 0.01976797633435307}, "p_value": {"pearson": 6.613341700686712e-10, "spearman": 0.004600706281166746, "kendall": 0.004701990942447424}, "kappa_score": NaN, "total_responses": 13245, "valid_responses": 13232, "krippendorff_alpha": NaN, "type": "continuous", "expert": "true", "task": "Translation"}}, "Starling-LM-7B-alpha (SP: None, AP: 5)": {"quality": {"corr_coeff": {"pearson": 0.015034596314908104, "spearman": 0.014236098721684132, "kendall": 0.010850879832321846}, "p_value": {"pearson": 0.08359099122529284, "spearman": 0.10135554351676591, "kendall": 0.09988519140461039}, "kappa_score": NaN, "total_responses": 13245, "valid_responses": 10342, "krippendorff_alpha": NaN, "type": "continuous", "expert": "true", "task": "Translation"}}, "Mixtral-8x7B-Instruct-v0.1 (SP: None, AP: 5)": {"quality": {"corr_coeff": {"pearson": 0.18537842435786708, "spearman": 0.15013698248150814, "kendall": 0.11455091428127089}, "p_value": {"pearson": 1.0250764662514702e-102, "spearman": 1.2596614494952278e-67, "kendall": 6.196673889210613e-68}, "kappa_score": NaN, "total_responses": 13245, "valid_responses": 13079, "krippendorff_alpha": NaN, "type": "continuous", "expert": "true", "task": "Translation"}}, "c4ai-command-r-v01 (SP: None, AP: 5)": {"quality": {"corr_coeff": {"pearson": 0.03743414570793944, "spearman": 0.1350651979970492, "kendall": 0.1010010462567933}, "p_value": {"pearson": 1.6378366790043184e-05, "spearman": 5.812009432220664e-55, "kendall": 6.069817797682894e-56}, "kappa_score": NaN, "total_responses": 13245, "valid_responses": 13232, "krippendorff_alpha": NaN, "type": "continuous", "expert": "true", "task": "Translation"}}, "Mixtral-8x22B-Instruct-v0.1 (SP: None, AP: 5)": {"quality": {"corr_coeff": {"pearson": 0.22841108233454988, "spearman": 0.18626103400077304, "kendall": 0.14220671822936834}, "p_value": {"pearson": 2.4967978726146284e-156, "spearman": 1.075741874487827e-103, "kendall": 5.883744575578167e-104}, "kappa_score": NaN, "total_responses": 13245, "valid_responses": 13230, "krippendorff_alpha": NaN, "type": "continuous", "expert": "true", "task": "Translation"}}, "c4ai-command-r-plus (SP: None, AP: 5)": {"quality": {"corr_coeff": {"pearson": 0.19727410310912416, "spearman": 0.15163546031451858, "kendall": 0.11411004786797604}, "p_value": {"pearson": 2.4895248097521548e-116, "spearman": 5.824949116837124e-69, "kendall": 1.1050339604111297e-69}, "kappa_score": NaN, "total_responses": 13245, "valid_responses": 13245, "krippendorff_alpha": NaN, "type": "continuous", "expert": "true", "task": "Translation"}}, "gpt-4o (SP: None, AP: 5)": {"quality": {"corr_coeff": {"pearson": 0.23474942191501108, "spearman": 0.16895268292230364, "kendall": 0.12311291092195949}, "p_value": {"pearson": 2.9173144354770934e-165, "spearman": 2.1446964005270757e-85, "kendall": 5.19092389153278e-86}, "kappa_score": NaN, "total_responses": 13245, "valid_responses": 13232, "krippendorff_alpha": NaN, "type": "continuous", "expert": "true", "task": "Translation"}}, "gemini-1.5-flash-latest (SP: None, AP: 5)": {"quality": {"corr_coeff": {"pearson": 0.20923552688560315, "spearman": 0.14032553954427435, "kendall": 0.10344862918211821}, "p_value": {"pearson": 6.091182918782751e-131, "spearman": 3.1729824617682547e-59, "kendall": 1.3330359134780137e-59}, "kappa_score": NaN, "total_responses": 13245, "valid_responses": 13232, "krippendorff_alpha": NaN, "type": "continuous", "expert": "true", "task": "Translation"}}}