{"Meta-Llama-3-8B-Instruct (SP: None, AP: 1)": {"safety": {"corr_coeff": {"pearson": -0.0705281369592865, "spearman": -0.07052813695928636, "kendall": -0.07052813695928636}, "p_value": {"pearson": 0.18804644316057278, "spearman": 0.1880464431605728, "kendall": 0.18764618311350834}, "kappa_score": -0.06792252586893088, "total_responses": 350, "valid_responses": 350, "krippendorff_alpha": 0.16086021565770392, "type": "categorical", "expert": "false", "task": "Toxicity \\ Safety"}}, "Starling-LM-7B-alpha (SP: None, AP: 1)": {"safety": {"corr_coeff": {"pearson": -0.018492195095804104, "spearman": -0.012633157441811926, "kendall": -0.012118556246969224}, "p_value": {"pearson": 0.7302829440556918, "spearman": 0.813813962472114, "kendall": 0.8134273489891003}, "kappa_score": 0.012507271669575326, "total_responses": 350, "valid_responses": 180, "krippendorff_alpha": 0.16086021565770392, "type": "categorical", "expert": "false", "task": "Toxicity \\ Safety"}}, "Mistral-7B-Instruct-v0.2 (SP: None, AP: 1)": {"safety": {"corr_coeff": {"pearson": 0.0027594424105521487, "spearman": 0.02468832304668607, "kendall": 0.024564013150066667}, "p_value": {"pearson": 0.9589750218828412, "spearman": 0.6453051185492719, "kendall": 0.6446436892836831}, "kappa_score": -0.010011778563015161, "total_responses": 350, "valid_responses": 346, "krippendorff_alpha": 0.16086021565770392, "type": "categorical", "expert": "false", "task": "Toxicity \\ Safety"}}, "OLMo-7B-Instruct (SP: None, AP: 1)": {"safety": {"corr_coeff": {"pearson": -0.015277928448426513, "spearman": -0.010333494515234997, "kendall": -0.00975561395141024}, "p_value": {"pearson": 0.775783571203487, "spearman": 0.8472444006994158, "kendall": 0.8469232493186499}, "kappa_score": 0.042679704016913345, "total_responses": 350, "valid_responses": 241, "krippendorff_alpha": 0.16086021565770392, "type": "categorical", "expert": "false", "task": "Toxicity \\ Safety"}}, "Mixtral-8x7B-Instruct-v0.1 (SP: None, AP: 1)": {"safety": {"corr_coeff": {"pearson": -0.05952665890919549, "spearman": -0.05829510044746651, "kendall": -0.05547656570045767}, "p_value": {"pearson": 0.26672200571195015, "spearman": 0.27676059835648553, "kendall": 0.27613521077548653}, "kappa_score": -0.1120129870129869, "total_responses": 350, "valid_responses": 347, "krippendorff_alpha": 0.16086021565770392, "type": "categorical", "expert": "false", "task": "Toxicity \\ Safety"}}, "Mixtral-8x22B-Instruct-v0.1 (SP: None, AP: 1)": {"safety": {"corr_coeff": {"pearson": 0.052635024319854576, "spearman": 0.06119946370674166, "kendall": 0.05884489706229147}, "p_value": {"pearson": 0.32616424930604215, "spearman": 0.2534906095162372, "kendall": 0.2529139168967869}, "kappa_score": -0.08429118773946365, "total_responses": 350, "valid_responses": 350, "krippendorff_alpha": 0.16086021565770392, "type": "categorical", "expert": "false", "task": "Toxicity \\ Safety"}}, "Meta-Llama-3-70B-Instruct (SP: None, AP: 1)": {"safety": {"corr_coeff": {"pearson": -0.10291038872929947, "spearman": -0.12878597933033128, "kendall": -0.12280705440382188}, "p_value": {"pearson": 0.05441734477383903, "spearman": 0.01591786023219922, "kendall": 0.016131768528983664}, "kappa_score": -0.14736682349370156, "total_responses": 350, "valid_responses": 350, "krippendorff_alpha": 0.16086021565770392, "type": "categorical", "expert": "false", "task": "Toxicity \\ Safety"}}, "c4ai-command-r-v01 (SP: None, AP: 1)": {"safety": {"corr_coeff": {"pearson": 0.023197460550034462, "spearman": 0.023197460550034327, "kendall": 0.023197460550034323}, "p_value": {"pearson": 0.6653849880605205, "spearman": 0.6653849880605232, "kendall": 0.6647501126068085}, "kappa_score": 0.007700385019251077, "total_responses": 350, "valid_responses": 350, "krippendorff_alpha": 0.16086021565770392, "type": "categorical", "expert": "false", "task": "Toxicity \\ Safety"}}, "c4ai-command-r-plus (SP: None, AP: 1)": {"safety": {"corr_coeff": {"pearson": -0.10751756695302396, "spearman": -0.1069151856410536, "kendall": -0.10639893843792902}, "p_value": {"pearson": 0.044420166167221505, "spearman": 0.04563247689282752, "kendall": 0.0457882068203858}, "kappa_score": -0.07772795216741413, "total_responses": 350, "valid_responses": 342, "krippendorff_alpha": 0.16086021565770392, "type": "categorical", "expert": "false", "task": "Toxicity \\ Safety"}}, "gemini-1.5-flash-latest (SP: None, AP: 1)": {"safety": {"corr_coeff": {"pearson": -0.025378204068346726, "spearman": -0.03352808345322787, "kendall": -0.033409023846621144}, "p_value": {"pearson": 0.6360986800198462, "spearman": 0.5318496964073893, "kendall": 0.5310812733963703}, "kappa_score": -0.0193133047210301, "total_responses": 350, "valid_responses": 347, "krippendorff_alpha": 0.16086021565770392, "type": "categorical", "expert": "false", "task": "Toxicity \\ Safety"}}, "gpt-4o (SP: None, AP: 1)": {"safety": {"corr_coeff": {"pearson": -0.23337099804631123, "spearman": -0.25228097016602113, "kendall": -0.24624245078843676}, "p_value": {"pearson": 1.0269757469604651e-05, "spearman": 1.7494277713910111e-06, "kendall": 2.440992380755346e-06}, "kappa_score": -0.21917571995171592, "total_responses": 350, "valid_responses": 350, "krippendorff_alpha": 0.16086021565770392, "type": "categorical", "expert": "false", "task": "Toxicity \\ Safety"}}}