{"Meta-Llama-3-8B-Instruct (SP: None, AP: 1)": {"quality_single_turn": {"corr_coeff": {"pearson": -0.17829518837233718, "spearman": -0.1782951883723375, "kendall": -0.1782951883723375}, "p_value": {"pearson": 0.001385706469675575, "spearman": 0.0013857064696755454, "kendall": 0.0014755041255899322}, "kappa_score": -0.17414018284719202, "total_responses": 319, "valid_responses": 319, "krippendorff_alpha": NaN, "type": "categorical", "expert": "true", "task": "Instruction Following"}}, "Mistral-7B-Instruct-v0.2 (SP: None, AP: 1)": {"quality_single_turn": {"corr_coeff": {"pearson": -0.07540397570703217, "spearman": -0.07540397570703194, "kendall": -0.07540397570703194}, "p_value": {"pearson": 0.17914750935142323, "spearman": 0.1791475093514245, "kendall": 0.17873974031928463}, "kappa_score": -0.05958860252921405, "total_responses": 319, "valid_responses": 317, "krippendorff_alpha": NaN, "type": "categorical", "expert": "true", "task": "Instruction Following"}}, "Starling-LM-7B-alpha (SP: None, AP: 1)": {"quality_single_turn": {"corr_coeff": {"pearson": -0.1163705312947952, "spearman": -0.11637053129479501, "kendall": -0.11637053129479501}, "p_value": {"pearson": 0.037769470355346474, "spearman": 0.037769470355346633, "kendall": 0.037969499610317564}, "kappa_score": -0.11514229850097757, "total_responses": 319, "valid_responses": 154, "krippendorff_alpha": NaN, "type": "categorical", "expert": "true", "task": "Instruction Following"}}, "c4ai-command-r-v01 (SP: None, AP: 1)": {"quality_single_turn": {"corr_coeff": {"pearson": -0.19634569636162938, "spearman": -0.19634569636162924, "kendall": -0.1963456963616292}, "p_value": {"pearson": 0.0004195405703244645, "spearman": 0.0004195405703244704, "kendall": 0.00046291558372469954}, "kappa_score": -0.19569440901151935, "total_responses": 319, "valid_responses": 305, "krippendorff_alpha": NaN, "type": "categorical", "expert": "true", "task": "Instruction Following"}}, "Meta-Llama-3-70B-Instruct (SP: None, AP: 1)": {"quality_single_turn": {"corr_coeff": {"pearson": 0.41185672671126483, "spearman": 0.4118567267112645, "kendall": 0.41185672671126444}, "p_value": {"pearson": 1.7170580831064986e-14, "spearman": 1.7170580831065412e-14, "kendall": 2.0659528540704908e-13}, "kappa_score": 0.40788278504008535, "total_responses": 319, "valid_responses": 317, "krippendorff_alpha": NaN, "type": "categorical", "expert": "true", "task": "Instruction Following"}}, "OLMo-7B-Instruct (SP: None, AP: 1)": {"quality_single_turn": {"corr_coeff": {"pearson": 0.14663532922465433, "spearman": 0.14663532922465397, "kendall": 0.146635329224654}, "p_value": {"pearson": 0.008718429304216105, "spearman": 0.008718429304216275, "kendall": 0.008925815579856467}, "kappa_score": 0.12008794723166105, "total_responses": 319, "valid_responses": 284, "krippendorff_alpha": NaN, "type": "categorical", "expert": "true", "task": "Instruction Following"}}, "Mixtral-8x7B-Instruct-v0.1 (SP: None, AP: 1)": {"quality_single_turn": {"corr_coeff": {"pearson": 0.0614939957213474, "spearman": 0.061493995721347505, "kendall": 0.061493995721347505}, "p_value": {"pearson": 0.2734978016430777, "spearman": 0.2734978016430773, "kendall": 0.2728184609998966}, "kappa_score": 0.06059647805205848, "total_responses": 319, "valid_responses": 310, "krippendorff_alpha": NaN, "type": "categorical", "expert": "true", "task": "Instruction Following"}}, "gpt-4o (SP: None, AP: 1)": {"quality_single_turn": {"corr_coeff": {"pearson": 0.5810765832796622, "spearman": 0.5810765832796615, "kendall": 0.5810765832796616}, "p_value": {"pearson": 3.361856297973799e-30, "spearman": 3.3618562979745126e-30, "kendall": 3.688529368685619e-25}, "kappa_score": 0.578483384281629, "total_responses": 319, "valid_responses": 319, "krippendorff_alpha": NaN, "type": "categorical", "expert": "true", "task": "Instruction Following"}}, "gemini-1.5-flash-latest (SP: None, AP: 1)": {"quality_single_turn": {"corr_coeff": {"pearson": 0.28880529579374664, "spearman": 0.28880529579374603, "kendall": 0.2888052957937461}, "p_value": {"pearson": 1.518709466315157e-07, "spearman": 1.5187094663152446e-07, "kendall": 2.602973970094086e-07}, "kappa_score": 0.28696913846515815, "total_responses": 319, "valid_responses": 319, "krippendorff_alpha": NaN, "type": "categorical", "expert": "true", "task": "Instruction Following"}}, "Mixtral-8x22B-Instruct-v0.1 (SP: None, AP: 1)": {"quality_single_turn": {"corr_coeff": {"pearson": 0.21105481243005858, "spearman": 0.21105481243005822, "kendall": 0.21105481243005825}, "p_value": {"pearson": 0.00014608824203899903, "spearman": 0.00014608824203900407, "kendall": 0.0001674535890827011}, "kappa_score": 0.20347984622091875, "total_responses": 319, "valid_responses": 319, "krippendorff_alpha": NaN, "type": "categorical", "expert": "true", "task": "Instruction Following"}}, "c4ai-command-r-plus (SP: None, AP: 1)": {"quality_single_turn": {"corr_coeff": {"pearson": 0.11329243506818744, "spearman": 0.11329243506818756, "kendall": 0.11329243506818756}, "p_value": {"pearson": 0.04317234543576659, "spearman": 0.0431723454357662, "kendall": 0.04335295027492467}, "kappa_score": 0.10722296103689888, "total_responses": 319, "valid_responses": 318, "krippendorff_alpha": NaN, "type": "categorical", "expert": "true", "task": "Instruction Following"}}}