{"Meta-Llama-3-8B-Instruct (SP: None, AP: 1)": {"query risk level": {"corr_coeff": {"pearson": 0.02878745753396619, "spearman": 0.0322805045550418, "kendall": 0.02910639461015222}, "p_value": {"pearson": 0.07993202932243633, "spearman": 0.04956952220677497, "kendall": 0.04986744524671542}, "kappa_score": 0.0012926195846095778, "total_responses": 3701, "valid_responses": 97, "krippendorff_alpha": NaN, "type": "categorical", "expert": "true", "task": "Toxicity \\ Safety"}, "response type": {"corr_coeff": {"pearson": -0.01157990448552406, "spearman": -0.0029001900003072217, "kendall": -0.0024988103798116662}, "p_value": {"pearson": 0.4812715496160088, "spearman": 0.8599983386661386, "kendall": 0.858420987495526}, "kappa_score": -0.006651810174842732, "total_responses": 3701, "valid_responses": 87, "krippendorff_alpha": NaN, "type": "categorical", "expert": "true", "task": "Toxicity \\ Safety"}}, "Mistral-7B-Instruct-v0.2 (SP: None, AP: 1)": {"query risk level": {"corr_coeff": {"pearson": 0.21918058156464754, "spearman": 0.21872293838783624, "kendall": 0.20530933972768842}, "p_value": {"pearson": 1.698049343733232e-41, "spearman": 2.5114423217997606e-41, "kendall": 1.3860477338149917e-40}, "kappa_score": 0.031793727609540245, "total_responses": 3701, "valid_responses": 3680, "krippendorff_alpha": NaN, "type": "categorical", "expert": "true", "task": "Toxicity \\ Safety"}, "response type": {"corr_coeff": {"pearson": 0.4494023176043744, "spearman": 0.5054056041484118, "kendall": 0.4521845637230895}, "p_value": {"pearson": 1.8068429898393853e-183, "spearman": 3.147509135780146e-239, "kendall": 1.4291938425259367e-223}, "kappa_score": -0.06405324364493148, "total_responses": 3701, "valid_responses": 3529, "krippendorff_alpha": NaN, "type": "categorical", "expert": "true", "task": "Toxicity \\ Safety"}}, "Starling-LM-7B-alpha (SP: None, AP: 1)": {"query risk level": {"corr_coeff": {"pearson": 0.020531232010550543, "spearman": 0.029164566838196154, "kendall": 0.026503915740595435}, "p_value": {"pearson": 0.21175852644479423, "spearman": 0.07605834437288624, "kendall": 0.0755086954634251}, "kappa_score": 0.01747077862844404, "total_responses": 3701, "valid_responses": 1015, "krippendorff_alpha": NaN, "type": "categorical", "expert": "true", "task": "Toxicity \\ Safety"}, "response type": {"corr_coeff": {"pearson": 0.14470618162065416, "spearman": 0.19258900333831078, "kendall": 0.1656962750230274}, "p_value": {"pearson": 8.994392728342013e-19, "spearman": 2.961771373983174e-32, "kendall": 3.8866737247769415e-32}, "kappa_score": -0.008782326848341793, "total_responses": 3701, "valid_responses": 592, "krippendorff_alpha": NaN, "type": "categorical", "expert": "true", "task": "Toxicity \\ Safety"}}, "c4ai-command-r-v01 (SP: None, AP: 1)": {"query risk level": {"corr_coeff": {"pearson": 0.12168487469600664, "spearman": 0.12277703162637583, "kendall": 0.11388267352713825}, "p_value": {"pearson": 1.103199020529283e-13, "spearman": 6.625147578694866e-14, "kendall": 7.91947189031591e-14}, "kappa_score": 0.020368184802752154, "total_responses": 3701, "valid_responses": 2455, "krippendorff_alpha": NaN, "type": "categorical", "expert": "true", "task": "Toxicity \\ Safety"}, "response type": {"corr_coeff": {"pearson": -0.007490958927629529, "spearman": -0.008415986137478196, "kendall": -0.007181826436232639}, "p_value": {"pearson": 0.6486983111171204, "spearman": 0.6087701756083095, "kendall": 0.6081746145119713}, "kappa_score": -0.00014450261398479824, "total_responses": 3701, "valid_responses": 15, "krippendorff_alpha": NaN, "type": "categorical", "expert": "true", "task": "Toxicity \\ Safety"}}, "Meta-Llama-3-70B-Instruct (SP: None, AP: 1)": {"query risk level": {"corr_coeff": {"pearson": -0.011527615076565727, "spearman": -0.009289271282231514, "kendall": -0.00839890329321449}, "p_value": {"pearson": 0.48325396649762975, "spearman": 0.5721132451434814, "kendall": 0.5722086130027483}, "kappa_score": -0.0005553631056658404, "total_responses": 3701, "valid_responses": 562, "krippendorff_alpha": NaN, "type": "categorical", "expert": "true", "task": "Toxicity \\ Safety"}, "response type": {"corr_coeff": {"pearson": 0.1331089730138354, "spearman": 0.15537564229017264, "kendall": 0.13524728637990857}, "p_value": {"pearson": 4.248244884249255e-16, "spearman": 1.9623150465135093e-21, "kendall": 5.954542676688536e-22}, "kappa_score": -0.0398865454631494, "total_responses": 3701, "valid_responses": 1194, "krippendorff_alpha": NaN, "type": "categorical", "expert": "true", "task": "Toxicity \\ Safety"}}, "OLMo-7B-Instruct (SP: None, AP: 1)": {"query risk level": {"corr_coeff": {"pearson": 0.12428459160462343, "spearman": 0.12560124474699985, "kendall": 0.11656879159887418}, "p_value": {"pearson": 3.2528347272966386e-14, "spearman": 1.735275423532376e-14, "kendall": 2.2347558063808215e-14}, "kappa_score": 0.025512295433651078, "total_responses": 3701, "valid_responses": 3353, "krippendorff_alpha": NaN, "type": "categorical", "expert": "true", "task": "Toxicity \\ Safety"}, "response type": {"corr_coeff": {"pearson": 0.13385580082283588, "spearman": 0.16630757409638933, "kendall": 0.14355665571781773}, "p_value": {"pearson": 2.9026746182522834e-16, "spearman": 2.3124713922998644e-24, "kendall": 2.593128928018677e-24}, "kappa_score": 0.046141180101331614, "total_responses": 3701, "valid_responses": 1752, "krippendorff_alpha": NaN, "type": "categorical", "expert": "true", "task": "Toxicity \\ Safety"}}, "gpt-3.5-turbo-0125 (SP: None, AP: 1)": {"query risk level": {"corr_coeff": {"pearson": 0.07176776109595101, "spearman": 0.07636096067038117, "kendall": 0.07133724463334272}, "p_value": {"pearson": 1.2412514784826052e-05, "spearman": 3.3080129508524816e-06, "kendall": 3.411909392946026e-06}, "kappa_score": 0.026276786365348914, "total_responses": 3701, "valid_responses": 2876, "krippendorff_alpha": NaN, "type": "categorical", "expert": "true", "task": "Toxicity \\ Safety"}, "response type": {"corr_coeff": {"pearson": 0.4691894604015343, "spearman": 0.5518240889400726, "kendall": 0.49117430430830616}, "p_value": {"pearson": 5.397329858349022e-202, "spearman": 4.931774093764885e-294, "kendall": 1.7017829665121875e-266}, "kappa_score": -5.7952864594312814e-05, "total_responses": 3701, "valid_responses": 3555, "krippendorff_alpha": NaN, "type": "categorical", "expert": "true", "task": "Toxicity \\ Safety"}}, "Mixtral-8x7B-Instruct-v0.1 (SP: None, AP: 1)": {"query risk level": {"corr_coeff": {"pearson": 0.21239320458315175, "spearman": 0.21544950181189695, "kendall": 0.20100228134835965}, "p_value": {"pearson": 5.143466890841541e-39, "spearman": 4.021958834481282e-40, "kendall": 2.7526685311081342e-39}, "kappa_score": 0.04523027365403509, "total_responses": 3701, "valid_responses": 2858, "krippendorff_alpha": NaN, "type": "categorical", "expert": "true", "task": "Toxicity \\ Safety"}, "response type": {"corr_coeff": {"pearson": 0.4242174994222434, "spearman": 0.5183026353526027, "kendall": 0.4655599494211306}, "p_value": {"pearson": 1.340204007274853e-161, "spearman": 1.3068923455320874e-253, "kendall": 2.250740246964063e-231}, "kappa_score": -0.03942887108750792, "total_responses": 3701, "valid_responses": 3399, "krippendorff_alpha": NaN, "type": "categorical", "expert": "true", "task": "Toxicity \\ Safety"}}, "gemini-1.5-flash-latest (SP: None, AP: 1)": {"query risk level": {"corr_coeff": {"pearson": 0.18020894512211058, "spearman": 0.1870777364384095, "kendall": 0.1824752414461148}, "p_value": {"pearson": 2.191167442195251e-28, "spearman": 1.688626508783109e-30, "kendall": 3.898105253278739e-30}, "kappa_score": 0.024888726891037494, "total_responses": 3701, "valid_responses": 3697, "krippendorff_alpha": NaN, "type": "categorical", "expert": "true", "task": "Toxicity \\ Safety"}, "response type": {"corr_coeff": {"pearson": 0.5754657285163979, "spearman": 0.6107777445516824, "kendall": 0.5498142363363563}, "p_value": {"pearson": 0.0, "spearman": 0.0, "kendall": 0.0},