{"Meta-Llama-3-8B-Instruct (SP: None, AP: 1)": {"coherence": {"corr_coeff": {"pearson": 0.30291395417770345, "spearman": 0.2970443284887287, "kendall": 0.2486170631074552}, "p_value": {"pearson": 2.627940356024059e-35, "spearman": 5.899637375054807e-34, "kendall": 3.0901436525612865e-33}, "kappa_score": NaN, "total_responses": 1600, "valid_responses": 1574, "krippendorff_alpha": NaN, "type": "graded", "expert": "unknown", "task": "Summarisation"}, "consistency": {"corr_coeff": {"pearson": 0.2259982652054579, "spearman": 0.18850338117246604, "kendall": 0.16817885345734146}, "p_value": {"pearson": 5.614022002807331e-20, "spearman": 2.904743111104002e-14, "kendall": 3.107839149018069e-14}, "kappa_score": NaN, "total_responses": 1600, "valid_responses": 1145, "krippendorff_alpha": NaN, "type": "graded", "expert": "unknown", "task": "Summarisation"}, "fluency": {"corr_coeff": {"pearson": 0.04966670287708143, "spearman": 0.025659962289083325, "kendall": 0.024166589245799803}, "p_value": {"pearson": 0.04699543014509448, "spearman": 0.30500226361241545, "kendall": 0.30424342038913377}, "kappa_score": NaN, "total_responses": 1600, "valid_responses": 1572, "krippendorff_alpha": NaN, "type": "graded", "expert": "unknown", "task": "Summarisation"}, "relevance": {"corr_coeff": {"pearson": 0.31618226314813347, "spearman": 0.31731576424639796, "kendall": 0.26615906476764933}, "p_value": {"pearson": 1.7725389329415434e-38, "spearman": 9.33472769124594e-39, "kendall": 3.4612030496665345e-37}, "kappa_score": NaN, "total_responses": 1600, "valid_responses": 1510, "krippendorff_alpha": NaN, "type": "graded", "expert": "unknown", "task": "Summarisation"}}, "Mistral-7B-Instruct-v0.2 (SP: None, AP: 1)": {"coherence": {"corr_coeff": {"pearson": 0.3941225881957884, "spearman": 0.3947339498360357, "kendall": 0.32126360404677484}, "p_value": {"pearson": 1.3331632127026377e-60, "spearman": 8.433985570296218e-61, "kendall": 3.255835726672982e-58}, "kappa_score": NaN, "total_responses": 1600, "valid_responses": 1544, "krippendorff_alpha": NaN, "type": "graded", "expert": "unknown", "task": "Summarisation"}, "consistency": {"corr_coeff": {"pearson": 0.4760406356121278, "spearman": 0.40513772903170536, "kendall": 0.3805418977832614}, "p_value": {"pearson": 2.817466083550266e-91, "spearman": 3.000752135185361e-64, "kendall": 1.3671699210237062e-59}, "kappa_score": NaN, "total_responses": 1600, "valid_responses": 1593, "krippendorff_alpha": NaN, "type": "graded", "expert": "unknown", "task": "Summarisation"}, "fluency": {"corr_coeff": {"pearson": 0.30910655269849413, "spearman": 0.2704868668033008, "kendall": 0.2530057393152815}, "p_value": {"pearson": 9.118286718006399e-37, "spearman": 3.1637124828253383e-28, "kendall": 1.707493026847718e-27}, "kappa_score": NaN, "total_responses": 1600, "valid_responses": 1600, "krippendorff_alpha": NaN, "type": "graded", "expert": "unknown", "task": "Summarisation"}, "relevance": {"corr_coeff": {"pearson": 0.4368120437787119, "spearman": 0.3978440224189693, "kendall": 0.33354056622374806}, "p_value": {"pearson": 1.5604398678830187e-75, "spearman": 8.089914784816165e-62, "kendall": 1.2381127164886392e-58}, "kappa_score": NaN, "total_responses": 1600, "valid_responses": 1599, "krippendorff_alpha": NaN, "type": "graded", "expert": "unknown", "task": "Summarisation"}}, "Starling-LM-7B-alpha (SP: None, AP: 1)": {"coherence": {"corr_coeff": {"pearson": 0.18277293416781243, "spearman": 0.2023135301750147, "kendall": 0.17147934386502667}, "p_value": {"pearson": 1.740587801923828e-13, "spearman": 3.0622042853378767e-16, "kendall": 4.001625059027878e-16}, "kappa_score": NaN, "total_responses": 1600, "valid_responses": 1558, "krippendorff_alpha": NaN, "type": "graded", "expert": "unknown", "task": "Summarisation"}, "consistency": {"corr_coeff": {"pearson": 0.1380480513728997, "spearman": 0.1162211490660169, "kendall": 0.10382521792486055}, "p_value": {"pearson": 2.9535109867591123e-08, "spearman": 3.146529797806418e-06, "kendall": 3.776084360597926e-06}, "kappa_score": NaN, "total_responses": 1600, "valid_responses": 1453, "krippendorff_alpha": NaN, "type": "graded", "expert": "unknown", "task": "Summarisation"}, "fluency": {"corr_coeff": {"pearson": 0.10128469815276288, "spearman": 0.10335231561750381, "kendall": 0.09469818204175409}, "p_value": {"pearson": 4.935457478941033e-05, "spearman": 3.443538189799679e-05, "kendall": 3.2712194424143825e-05}, "kappa_score": NaN, "total_responses": 1600, "valid_responses": 1582, "krippendorff_alpha": NaN, "type": "graded", "expert": "unknown", "task": "Summarisation"}, "relevance": {"corr_coeff": {"pearson": 0.16288290294080976, "spearman": 0.17511603438503381, "kendall": 0.15023763256165548}, "p_value": {"pearson": 5.6001417558712034e-11, "spearman": 1.7417359392776128e-12, "kendall": 2.4867018490343823e-12}, "kappa_score": NaN, "total_responses": 1600, "valid_responses": 1543, "krippendorff_alpha": NaN, "type": "graded", "expert": "unknown", "task": "Summarisation"}}, "c4ai-command-r-v01 (SP: None, AP: 1)": {"coherence": {"corr_coeff": {"pearson": 0.21365875996341227, "spearman": 0.2110070074201342, "kendall": 0.1775621392947822}, "p_value": {"pearson": 5.6399255064999136e-18, "spearman": 1.464762299765124e-17, "kendall": 1.5659253449091183e-17}, "kappa_score": NaN, "total_responses": 1600, "valid_responses": 1519, "krippendorff_alpha": NaN, "type": "graded", "expert": "unknown", "task": "Summarisation"}, "consistency": {"corr_coeff": {"pearson": 0.060500572451828404, "spearman": 0.060466532877110714, "kendall": 0.05217906952487835}, "p_value": {"pearson": 0.015505623008046341, "spearman": 0.015563898756803729, "kendall": 0.015568778441619179}, "kappa_score": NaN, "total_responses": 1600, "valid_responses": 445, "krippendorff_alpha": NaN, "type": "graded", "expert": "unknown", "task": "Summarisation"}, "fluency": {"corr_coeff": {"pearson": 0.09670132031375203, "spearman": 0.10896162425594708, "kendall": 0.10054234909396821}, "p_value": {"pearson": 0.00010701421134913702, "spearman": 1.2534950340584038e-05, "kendall": 1.3119466941203208e-05}, "kappa_score": NaN, "total_responses": 1600, "valid_responses": 1408, "krippendorff_alpha": NaN, "type": "graded", "expert": "unknown", "task": "Summarisation"}, "relevance": {"corr_coeff": {"pearson": 0.16260362680025628, "spearman": 0.155534894808599, "kendall": 0.12687838778932212}, "p_value": {"pearson": 6.043845709954666e-11, "spearman": 3.984528238132622e-10, "kendall": 3.5194464530529865e-10}, "kappa_score": NaN, "total_responses": 1600, "valid_responses": 1251, "krippendorff_alpha": NaN, "type": "graded", "expert": "unknown", "task": "Summarisation"}}, "OLMo-7B-Instruct (SP: None, AP: 1)": {"coherence": {"corr_coeff": {"pearson": 0.031028714649270712, "spearman": 0.03243088711775455, "kendall": 0.025422633324161125}, "p_value": {"pearson": 0.21479891766631506, "spearman": 0.1947816946551133, "kendall": 0.1931170766089687}, "kappa_score": NaN, "total_responses": 1600, "valid_responses": 1435, "krippendorff_alpha": NaN, "type": "graded", "expert": "unknown", "task": "Summarisation"}, "consistency": {"corr_coeff": {"pearson": -0.0029865444301692586, "spearman": -0.0007215481852935636, "kendall": -0.0007718040705654733}, "p_value": {"pearson": 0.9049832733335494, "spearman": 0.9769926974789327, "kendall": 0.9727332418907233}, "kappa_score": NaN, "total_responses": 1600, "valid_responses": 1482, "krippendorff_alpha": NaN, "type": "graded", "expert": "unknown", "task": "Summarisation"}, "fluency": {"corr_coeff": {"pearson": -0.01776853240442866, "spearman": -0.011820965192873026, "kendall": -0.01041016361539425}, "p_value": {"pearson": 0.4775541434625805, "spearman": 0.6365802341856645, "kendall": 0.6439948963483564}, "kappa_score": NaN, "total_responses": 1600, "valid_responses": 1394, "krippendorff_alpha": NaN, "type": "graded", "expert": "unknown", "task": "Summarisation"}, "relevance": {"corr_coeff": {"pearson": -0.02416677110689661, "spearman": -0.03585857980548344,