{"Meta-Llama-3-8B-Instruct (SP: None, AP: 5)": {"quality": {"corr_coeff": {"pearson": 0.14257039280862527, "spearman": 0.12733470636460045, "kendall": 0.10151863820060379}, "p_value": {"pearson": 2.9285321201490267e-31, "spearman": 3.201619522778226e-25, "kendall": 2.2516998257249247e-25}, "kappa_score": NaN, "total_responses": 6588, "valid_responses": 6485, "krippendorff_alpha": NaN, "type": "continuous", "expert": "true", "task": "Translation"}}, "Starling-LM-7B-alpha (SP: None, AP: 5)": {"quality": {"corr_coeff": {"pearson": -0.04959638182864167, "spearman": -0.09125660000139234, "kendall": -0.0663066167242966}, "p_value": {"pearson": 5.642605769944491e-05, "spearman": 1.1618577573689862e-13, "kendall": 1.8508350804116426e-13}, "kappa_score": NaN, "total_responses": 6588, "valid_responses": 5189, "krippendorff_alpha": NaN, "type": "continuous", "expert": "true", "task": "Translation"}}, "Mistral-7B-Instruct-v0.2 (SP: None, AP: 5)": {"quality": {"corr_coeff": {"pearson": 0.16637573385796023, "spearman": 0.16236584309561583, "kendall": 0.1258458765349143}, "p_value": {"pearson": 4.204302651243599e-42, "spearman": 3.730402161644527e-40, "kendall": 3.6725451207381204e-40}, "kappa_score": NaN, "total_responses": 6588, "valid_responses": 6583, "krippendorff_alpha": NaN, "type": "continuous", "expert": "true", "task": "Translation"}}, "Mixtral-8x7B-Instruct-v0.1 (SP: None, AP: 5)": {"quality": {"corr_coeff": {"pearson": 0.16556061432915092, "spearman": 0.17220565505072288, "kendall": 0.13169858567409576}, "p_value": {"pearson": 1.0561175103740562e-41, "spearman": 5.0423499683547746e-45, "kendall": 1.3247656433855623e-44}, "kappa_score": NaN, "total_responses": 6588, "valid_responses": 6577, "krippendorff_alpha": NaN, "type": "continuous", "expert": "true", "task": "Translation"}}, "c4ai-command-r-v01 (SP: None, AP: 5)": {"quality": {"corr_coeff": {"pearson": 0.19729275012937608, "spearman": 0.19454560212433003, "kendall": 0.14631348209303693}, "p_value": {"pearson": 8.25015684202735e-59, "spearman": 3.3373778050185177e-57, "kendall": 7.674486922262222e-57}, "kappa_score": NaN, "total_responses": 6588, "valid_responses": 6585, "krippendorff_alpha": NaN, "type": "continuous", "expert": "true", "task": "Translation"}}, "Mixtral-8x22B-Instruct-v0.1 (SP: None, AP: 5)": {"quality": {"corr_coeff": {"pearson": 0.19964348772680873, "spearman": 0.23183941790619364, "kendall": 0.17710514904612049}, "p_value": {"pearson": 3.328055573013882e-60, "spearman": 4.115366626444516e-81, "kendall": 4.980150466008373e-80}, "kappa_score": NaN, "total_responses": 6588, "valid_responses": 6582, "krippendorff_alpha": NaN, "type": "continuous", "expert": "true", "task": "Translation"}}, "OLMo-7B-Instruct (SP: None, AP: 5)": {"quality": {"corr_coeff": {"pearson": 0.014426808315956146, "spearman": 0.027385655518560374, "kendall": 0.020640333985486092}, "p_value": {"pearson": 0.24167427287809226, "spearman": 0.026229777888167872, "kendall": 0.026209946382787806}, "kappa_score": NaN, "total_responses": 6588, "valid_responses": 5961, "krippendorff_alpha": NaN, "type": "continuous", "expert": "true", "task": "Translation"}}, "Meta-Llama-3-70B-Instruct (SP: None, AP: 5)": {"quality": {"corr_coeff": {"pearson": 0.1522813981586058, "spearman": 0.19101000154643363, "kendall": 0.142056074687805}, "p_value": {"pearson": 1.7882642158167065e-35, "spearman": 3.598106746762093e-55, "kendall": 1.4157221706555353e-54}, "kappa_score": NaN, "total_responses": 6588, "valid_responses": 6025, "krippendorff_alpha": NaN, "type": "continuous", "expert": "true", "task": "Translation"}}, "c4ai-command-r-plus (SP: None, AP: 5)": {"quality": {"corr_coeff": {"pearson": 0.22147508727872864, "spearman": 0.22007131539459485, "kendall": 0.1612863449528827}, "p_value": {"pearson": 5.217257460965491e-74, "spearman": 4.487929011207248e-73, "kendall": 1.1390023330962316e-72}, "kappa_score": NaN, "total_responses": 6588, "valid_responses": 6588, "krippendorff_alpha": NaN, "type": "continuous", "expert": "true", "task": "Translation"}}, "gpt-4o (SP: None, AP: 5)": {"quality": {"corr_coeff": {"pearson": 0.22789266699597818, "spearman": 0.21683337705061406, "kendall": 0.156553095416438}, "p_value": {"pearson": 2.298762783828385e-78, "spearman": 6.0673761801265145e-71, "kendall": 4.738856110515324e-70}, "kappa_score": NaN, "total_responses": 6588, "valid_responses": 6585, "krippendorff_alpha": NaN, "type": "continuous", "expert": "true", "task": "Translation"}}, "gemini-1.5-flash-latest (SP: None, AP: 5)": {"quality": {"corr_coeff": {"pearson": 0.1597358428360015, "spearman": 0.1610978792630007, "kendall": 0.11921427897925653}, "p_value": {"pearson": 6.645587746990431e-39, "spearman": 1.5046368578728237e-39, "kendall": 2.4934502017362564e-39}, "kappa_score": NaN, "total_responses": 6588, "valid_responses": 6555, "krippendorff_alpha": NaN, "type": "continuous", "expert": "true", "task": "Translation"}}}