{"Meta-Llama-3-8B-Instruct (SP: None, AP: 1)": {"quality": {"corr_coeff": {"pearson": 0.0566644438612549, "spearman": 0.049831865034674884, "kendall": 0.04212419524981395}, "p_value": {"pearson": 1.7649565467409257e-08, "spearman": 7.293123121730312e-07, "kendall": 7.334627787819183e-07}, "kappa_score": NaN, "total_responses": 9871, "valid_responses": 9871, "krippendorff_alpha": 0.5040692706823591, "type": "graded", "expert": "true", "task": "Translation"}}, "Starling-LM-7B-alpha (SP: None, AP: 1)": {"quality": {"corr_coeff": {"pearson": 0.13517240222993618, "spearman": 0.15154193651907158, "kendall": 0.11732743774732908}, "p_value": {"pearson": 1.790436368914897e-41, "spearman": 8.590006593400132e-52, "kendall": 2.3884236373625236e-51}, "kappa_score": NaN, "total_responses": 9871, "valid_responses": 8342, "krippendorff_alpha": 0.5040692706823591, "type": "graded", "expert": "true", "task": "Translation"}}, "Mistral-7B-Instruct-v0.2 (SP: None, AP: 1)": {"quality": {"corr_coeff": {"pearson": 0.30918080918633006, "spearman": 0.3083386926902217, "kendall": 0.2550068639638259}, "p_value": {"pearson": 1.2372060905114434e-217, "spearman": 2.1158475111754274e-216, "kendall": 2.405735253893362e-210}, "kappa_score": NaN, "total_responses": 9871, "valid_responses": 9840, "krippendorff_alpha": 0.5040692706823591, "type": "graded", "expert": "true", "task": "Translation"}}, "c4ai-command-r-v01 (SP: None, AP: 1)": {"quality": {"corr_coeff": {"pearson": 0.13659717987904216, "spearman": 0.1501743392657348, "kendall": 0.12688166240449855}, "p_value": {"pearson": 2.5295271675890113e-42, "spearman": 6.962397110440362e-51, "kendall": 2.2519231021227064e-50}, "kappa_score": NaN, "total_responses": 9871, "valid_responses": 9858, "krippendorff_alpha": 0.5040692706823591, "type": "graded", "expert": "true", "task": "Translation"}}, "OLMo-7B-Instruct (SP: None, AP: 1)": {"quality": {"corr_coeff": {"pearson": -0.042764960215338925, "spearman": -0.05697426343268565, "kendall": -0.04383675546300601}, "p_value": {"pearson": 2.1355176958610472e-05, "spearman": 1.4750289219030785e-08, "kendall": 1.4018782316257403e-08}, "kappa_score": NaN, "total_responses": 9871, "valid_responses": 7100, "krippendorff_alpha": 0.5040692706823591, "type": "graded", "expert": "true", "task": "Translation"}}, "Meta-Llama-3-70B-Instruct (SP: None, AP: 1)": {"quality": {"corr_coeff": {"pearson": 0.40990686247361763, "spearman": 0.3706145858233939, "kendall": 0.3084020976774334}, "p_value": {"pearson": 0.0, "spearman": 0.0, "kendall": 5.510589919916299e-302}, "kappa_score": NaN, "total_responses": 9871, "valid_responses": 9871, "krippendorff_alpha": 0.5040692706823591, "type": "graded", "expert": "true", "task": "Translation"}}, "Mixtral-8x7B-Instruct-v0.1 (SP: None, AP: 1)": {"quality": {"corr_coeff": {"pearson": 0.08871368630874123, "spearman": 0.19846529100190505, "kendall": 0.16262567641741363}, "p_value": {"pearson": 1.0443235023249196e-18, "spearman": 3.077034575791421e-88, "kendall": 8.245656035540567e-91}, "kappa_score": NaN, "total_responses": 9871, "valid_responses": 8593, "krippendorff_alpha": 0.5040692706823591, "type": "graded", "expert": "true", "task": "Translation"}}, "gpt-4o (SP: None, AP: 1)": {"quality": {"corr_coeff": {"pearson": 0.6491953794983608, "spearman": 0.6336122901346759, "kendall": 0.5290775619129362}, "p_value": {"pearson": 0.0, "spearman": 0.0, "kendall": 0.0}, "kappa_score": NaN, "total_responses": 9871, "valid_responses": 9871, "krippendorff_alpha": 0.5040692706823591, "type": "graded", "expert": "true", "task": "Translation"}}, "gemini-1.5-flash-latest (SP: None, AP: 1)": {"quality": {"corr_coeff": {"pearson": 0.4796941807206521, "spearman": 0.459755853034435, "kendall": 0.3827285331344099}, "p_value": {"pearson": 0.0, "spearman": 0.0, "kendall": 0.0}, "kappa_score": NaN, "total_responses": 9871, "valid_responses": 9816, "krippendorff_alpha": 0.5040692706823591, "type": "graded", "expert": "true", "task": "Translation"}}, "Mixtral-8x22B-Instruct-v0.1 (SP: None, AP: 1)": {"quality": {"corr_coeff": {"pearson": 0.5219243270897349, "spearman": 0.5058177929447741, "kendall": 0.42523059024057547}, "p_value": {"pearson": 0.0, "spearman": 0.0, "kendall": 0.0}, "kappa_score": NaN, "total_responses": 9871, "valid_responses": 9871, "krippendorff_alpha": 0.5040692706823591, "type": "graded", "expert": "true", "task": "Translation"}}, "c4ai-command-r-plus (SP: None, AP: 1)": {"quality": {"corr_coeff": {"pearson": 0.4322841647809978, "spearman": 0.4245210881655532, "kendall": 0.3445121460810888}, "p_value": {"pearson": 0.0, "spearman": 0.0, "kendall": 0.0}, "kappa_score": NaN, "total_responses": 9871, "valid_responses": 9871, "krippendorff_alpha": 0.5040692706823591, "type": "graded", "expert": "true", "task": "Translation"}}}