{"Meta-Llama-3.1-8B-Instruct (SP: None, AP: 9)": {"acceptability": {"corr_coeff": {"pearson": 0.5159805715988262, "spearman": 0.5126495938538133, "kendall": 0.41552405837590656}, "p_value": {"pearson": 6.333608267482546e-08, "spearman": 7.950128288643527e-08, "kendall": 4.746126271647943e-07}, "kappa_score": NaN, "total_responses": 100, "valid_responses": 97, "krippendorff_alpha": 0.5869691321185129, "type": "graded", "expert": "false", "task": "Acceptability"}}, "Mixtral-8x7B-Instruct-v0.1 (SP: None, AP: 9)": {"acceptability": {"corr_coeff": {"pearson": 0.31525429701074237, "spearman": 0.24568114375631572, "kendall": 0.20812456518977115}, "p_value": {"pearson": 0.006989185796509945, "spearman": 0.037508366769510665, "kendall": 0.033096939424605926}, "kappa_score": NaN, "total_responses": 100, "valid_responses": 72, "krippendorff_alpha": 0.5869691321185129, "type": "graded", "expert": "false", "task": "Acceptability"}}, "Meta-Llama-3.1-70B-Instruct (SP: None, AP: 9)": {"acceptability": {"corr_coeff": {"pearson": 0.7757909359319051, "spearman": 0.6236053298254898, "kendall": 0.526744662048684}, "p_value": {"pearson": 2.599270403098614e-21, "spearman": 4.205343564622406e-12, "kendall": 5.119037085618663e-10}, "kappa_score": NaN, "total_responses": 100, "valid_responses": 100, "krippendorff_alpha": 0.5869691321185129, "type": "graded", "expert": "false", "task": "Acceptability"}}, "Starling-LM-7B-alpha (SP: None, AP: 9)": {"acceptability": {"corr_coeff": {"pearson": 0.3960462265565181, "spearman": 0.33970898992843546, "kendall": 0.26707036651827604}, "p_value": {"pearson": 5.420608026714374e-05, "spearman": 0.0006212481861213201, "kendall": 0.0007508936813278037}, "kappa_score": NaN, "total_responses": 100, "valid_responses": 98, "krippendorff_alpha": 0.5869691321185129, "type": "graded", "expert": "false", "task": "Acceptability"}}, "c4ai-command-r-v01 (SP: None, AP: 9)": {"acceptability": {"corr_coeff": {"pearson": 0.4280918997771357, "spearman": 0.424789728538719, "kendall": 0.3492528491108918}, "p_value": {"pearson": 8.874113611253457e-06, "spearman": 1.0578786664159814e-05, "kendall": 1.5225775102556793e-05}, "kappa_score": NaN, "total_responses": 100, "valid_responses": 100, "krippendorff_alpha": 0.5869691321185129, "type": "graded", "expert": "false", "task": "Acceptability"}}, "c4ai-command-r-plus (SP: None, AP: 9)": {"acceptability": {"corr_coeff": {"pearson": 0.5705991155680336, "spearman": 0.5072100808949411, "kendall": 0.42832745502434416}, "p_value": {"pearson": 5.72523858529021e-10, "spearman": 7.231352938604729e-08, "kendall": 4.2720643024933245e-07}, "kappa_score": NaN, "total_responses": 100, "valid_responses": 100, "krippendorff_alpha": 0.5869691321185129, "type": "graded", "expert": "false", "task": "Acceptability"}}, "Mistral-7B-Instruct-v0.3 (SP: None, AP: 9)": {"acceptability": {"corr_coeff": {"pearson": 0.4483624449538192, "spearman": 0.39632807769660916, "kendall": 0.3349038801552904}, "p_value": {"pearson": 3.255205479047446e-06, "spearman": 4.887628533339237e-05, "kendall": 6.806556355511072e-05}, "kappa_score": NaN, "total_responses": 100, "valid_responses": 99, "krippendorff_alpha": 0.5869691321185129, "type": "graded", "expert": "false", "task": "Acceptability"}}, "Mixtral-8x22B-Instruct-v0.1 (SP: None, AP: 9)": {"acceptability": {"corr_coeff": {"pearson": 0.7257678360549669, "spearman": 0.594857054274364, "kendall": 0.4912520145637085}, "p_value": {"pearson": 1.3198934278765447e-17, "spearman": 6.751102695416601e-11, "kendall": 1.6258821699250265e-09}, "kappa_score": NaN, "total_responses": 100, "valid_responses": 100, "krippendorff_alpha": 0.5869691321185129, "type": "graded", "expert": "false", "task": "Acceptability"}}, "OLMo-7B-0724-Instruct-hf (SP: None, AP: 9)": {"acceptability": {"corr_coeff": {"pearson": 0.17875135020791538, "spearman": 0.2748859868960745, "kendall": 0.21347247868212743}, "p_value": {"pearson": 0.09185642876883571, "spearman": 0.00873994113941685, "kendall": 0.010187288994116549}, "kappa_score": NaN, "total_responses": 100, "valid_responses": 90, "krippendorff_alpha": 0.5869691321185129, "type": "graded", "expert": "false", "task": "Acceptability"}}, "gemini-1.5-flash-latest (SP: None, AP: 9)": {"acceptability": {"corr_coeff": {"pearson": 0.6529324400781789, "spearman": 0.5618318604415944, "kendall": 0.4720095869744597}, "p_value": {"pearson": 2.4115729932091e-13, "spearman": 1.4441796717624949e-09, "kendall": 2.0813131835215664e-08}, "kappa_score": NaN, "total_responses": 100, "valid_responses": 99, "krippendorff_alpha": 0.5869691321185129, "type": "graded", "expert": "false", "task": "Acceptability"}}, "gpt-4o (SP: None, AP: 9)": {"acceptability": {"corr_coeff": {"pearson": 0.8590729781016455, "spearman": 0.6855551345720181, "kendall": 0.5833929658537813}, "p_value": {"pearson": 2.9235155364182472e-30, "spearman": 3.585034294830805e-15, "kendall": 4.129776734915015e-12}, "kappa_score": NaN, "total_responses": 100, "valid_responses": 100, "krippendorff_alpha": 0.5869691321185129, "type": "graded", "expert": "false", "task": "Acceptability"}}}