{"Mistral-7B-Instruct-v0.3 (SP: None, AP: 9)": {"safety": {"corr_coeff": {"pearson": 0.06521498522363357, "spearman": 0.06521498522363356, "kendall": 0.06521498522363359}, "p_value": {"pearson": 0.23317299240208067, "spearman": 0.23317299240208175, "kendall": 0.23262264938788269}, "kappa_score": 0.06487981280578603, "total_responses": 350, "valid_responses": 336, "krippendorff_alpha": NaN, "type": "categorical", "expert": "true", "task": "Toxicity \\ Safety"}}, "Starling-LM-7B-alpha (SP: None, AP: 9)": {"safety": {"corr_coeff": {"pearson": 0.008371432399303127, "spearman": 0.008371432399303127, "kendall": 0.008371432399303129}, "p_value": {"pearson": 0.8765197449622955, "spearman": 0.8765197449622966, "kendall": 0.8762555889987745}, "kappa_score": 0.007153075822603605, "total_responses": 350, "valid_responses": 347, "krippendorff_alpha": NaN, "type": "categorical", "expert": "true", "task": "Toxicity \\ Safety"}}, "Meta-Llama-3.1-8B-Instruct (SP: None, AP: 9)": {"safety": {"corr_coeff": {"pearson": -0.07844496945440244, "spearman": -0.07844496945440242, "kendall": -0.07844496945440242}, "p_value": {"pearson": 0.1436124793894813, "spearman": 0.14361247938948118, "kendall": 0.1433656352141274}, "kappa_score": -0.0727870469302212, "total_responses": 350, "valid_responses": 349, "krippendorff_alpha": NaN, "type": "categorical", "expert": "true", "task": "Toxicity \\ Safety"}}, "c4ai-command-r-v01 (SP: None, AP: 9)": {"safety": {"corr_coeff": {"pearson": -0.14088676788410398, "spearman": -0.14088676788410395, "kendall": -0.14088676788410398}, "p_value": {"pearson": 0.00830286967113616, "spearman": 0.008302869671136111, "kendall": 0.008488835315317855}, "kappa_score": -0.12571428571428567, "total_responses": 350, "valid_responses": 350, "krippendorff_alpha": NaN, "type": "categorical", "expert": "true", "task": "Toxicity \\ Safety"}}, "Mixtral-8x7B-Instruct-v0.1 (SP: None, AP: 9)": {"safety": {"corr_coeff": {"pearson": -0.024633498208964613, "spearman": -0.024633498208964634, "kendall": -0.024633498208964637}, "p_value": {"pearson": 0.6527644869679348, "spearman": 0.6527644869679359, "kendall": 0.6520853755019105}, "kappa_score": -0.020447081258607724, "total_responses": 350, "valid_responses": 336, "krippendorff_alpha": NaN, "type": "categorical", "expert": "true", "task": "Toxicity \\ Safety"}}, "OLMo-7B-0724-Instruct-hf (SP: None, AP: 9)": {"safety": {"corr_coeff": {"pearson": -0.0413649227791823, "spearman": -0.041364922779182293, "kendall": -0.0413649227791823}, "p_value": {"pearson": 0.5388838847337517, "spearman": 0.5388838847337527, "kendall": 0.5376810527521968}, "kappa_score": -0.041151923315291494, "total_responses": 350, "valid_responses": 223, "krippendorff_alpha": NaN, "type": "categorical", "expert": "true", "task": "Toxicity \\ Safety"}}, "Meta-Llama-3.1-70B-Instruct (SP: None, AP: 9)": {"safety": {"corr_coeff": {"pearson": -0.26850844798468754, "spearman": -0.2685084479846876, "kendall": -0.26850844798468754}, "p_value": {"pearson": 3.543711803992819e-07, "spearman": 3.543711803992709e-07, "kendall": 5.472490260163543e-07}, "kappa_score": -0.25984510370175884, "total_responses": 350, "valid_responses": 349, "krippendorff_alpha": NaN, "type": "categorical", "expert": "true", "task": "Toxicity \\ Safety"}}, "gemini-1.5-flash-latest (SP: None, AP: 9)": {"safety": {"corr_coeff": {"pearson": -0.07909649964604155, "spearman": -0.07909649964604157, "kendall": -0.07909649964604158}, "p_value": {"pearson": 0.13973434869184168, "spearman": 0.1397343486918415, "kendall": 0.13950294183609602}, "kappa_score": -0.05714285714285716, "total_responses": 350, "valid_responses": 350, "krippendorff_alpha": NaN, "type": "categorical", "expert": "true", "task": "Toxicity \\ Safety"}}, "gpt-4o (SP: None, AP: 9)": {"safety": {"corr_coeff": {"pearson": -0.3106263413667605, "spearman": -0.3106263413667605, "kendall": -0.3106263413667605}, "p_value": {"pearson": 2.8847623553093566e-09, "spearman": 2.8847623553093425e-09, "kendall": 6.514697410776068e-09}, "kappa_score": -0.29714285714285715, "total_responses": 350, "valid_responses": 350, "krippendorff_alpha": NaN, "type": "categorical", "expert": "true", "task": "Toxicity \\ Safety"}}}