{"Mistral-7B-Instruct-v0.3 (SP: None, AP: 9)": {"safety": {"corr_coeff": {"pearson": -0.2493211348384858, "spearman": -0.236690707859486, "kendall": -0.22397026975022483}, "p_value": {"pearson": 1.2078946376654485e-14, "spearman": 2.6213847351220284e-13, "kendall": 5.424609451592755e-13}, "kappa_score": -0.08250599109893875, "total_responses": 990, "valid_responses": 930, "krippendorff_alpha": 0.14324966231784253, "type": "categorical", "expert": "false", "task": "Toxicity \\ Safety"}}, "Starling-LM-7B-alpha (SP: None, AP: 9)": {"safety": {"corr_coeff": {"pearson": -0.12482186902581953, "spearman": -0.13038645275273705, "kendall": -0.12310004175198004}, "p_value": {"pearson": 8.220578949612103e-05, "spearman": 3.873321669419021e-05, "kendall": 4.12362742734169e-05}, "kappa_score": -0.08393571020641266, "total_responses": 990, "valid_responses": 990, "krippendorff_alpha": 0.14324966231784253, "type": "categorical", "expert": "false", "task": "Toxicity \\ Safety"}}, "Meta-Llama-3.1-8B-Instruct (SP: None, AP: 9)": {"safety": {"corr_coeff": {"pearson": -0.20607162438087892, "spearman": -0.21630942906865372, "kendall": -0.2101307370839294}, "p_value": {"pearson": 9.003425597725943e-11, "spearman": 9.590371801977345e-12, "kendall": 1.6178043618841275e-11}, "kappa_score": -0.15532618789661035, "total_responses": 990, "valid_responses": 971, "krippendorff_alpha": 0.14324966231784253, "type": "categorical", "expert": "false", "task": "Toxicity \\ Safety"}}, "c4ai-command-r-v01 (SP: None, AP: 9)": {"safety": {"corr_coeff": {"pearson": -0.15343995076020447, "spearman": -0.1533836305061746, "kendall": -0.15330646122938624}, "p_value": {"pearson": 1.2313389339977913e-06, "spearman": 1.2425740999204905e-06, "kendall": 1.409439092850181e-06}, "kappa_score": -0.10309006240455498, "total_responses": 990, "valid_responses": 990, "krippendorff_alpha": 0.14324966231784253, "type": "categorical", "expert": "false", "task": "Toxicity \\ Safety"}}, "Mixtral-8x7B-Instruct-v0.1 (SP: None, AP: 9)": {"safety": {"corr_coeff": {"pearson": -0.15998849645812407, "spearman": -0.1759646849384614, "kendall": -0.17226945042982467}, "p_value": {"pearson": 4.601556392862393e-07, "spearman": 2.8023362196134243e-08, "kendall": 3.504017029603703e-08}, "kappa_score": -0.14142896994211585, "total_responses": 990, "valid_responses": 983, "krippendorff_alpha": 0.14324966231784253, "type": "categorical", "expert": "false", "task": "Toxicity \\ Safety"}}, "OLMo-7B-0724-Instruct-hf (SP: None, AP: 9)": {"safety": {"corr_coeff": {"pearson": -0.19290110493937992, "spearman": -0.20102767233016292, "kendall": -0.19422966561375285}, "p_value": {"pearson": 5.071650257594131e-07, "spearman": 1.609694423661342e-07, "kendall": 2.0825987025173432e-07}, "kappa_score": -0.1237361907276644, "total_responses": 990, "valid_responses": 668, "krippendorff_alpha": 0.14324966231784253, "type": "categorical", "expert": "false", "task": "Toxicity \\ Safety"}}, "Meta-Llama-3.1-70B-Instruct (SP: None, AP: 9)": {"safety": {"corr_coeff": {"pearson": -0.20115834374690233, "spearman": -0.21178041760368987, "kendall": -0.20655058699575898}, "p_value": {"pearson": 1.6950672860504776e-10, "spearman": 1.6781352179539304e-11, "kendall": 2.735500906894406e-11}, "kappa_score": -0.1453673175258139, "total_responses": 990, "valid_responses": 990, "krippendorff_alpha": 0.14324966231784253, "type": "categorical", "expert": "false", "task": "Toxicity \\ Safety"}}, "gemini-1.5-flash-latest (SP: None, AP: 9)": {"safety": {"corr_coeff": {"pearson": -0.16711486091128963, "spearman": -0.1863901009318993, "kendall": -0.18208951384056446}, "p_value": {"pearson": 1.268228797666474e-07, "spearman": 3.5675966392912256e-09, "kendall": 4.749047598489847e-09}, "kappa_score": -0.1551303011157501, "total_responses": 990, "valid_responses": 988, "krippendorff_alpha": 0.14324966231784253, "type": "categorical", "expert": "false", "task": "Toxicity \\ Safety"}}, "gpt-4o (SP: None, AP: 9)": {"safety": {"corr_coeff": {"pearson": -0.36608968638163736, "spearman": -0.38656746447254997, "kendall": -0.37975161179630323}, "p_value": {"pearson": 9.258643239300354e-33, "spearman": 1.231468734636339e-36, "kendall": 5.271078184080727e-34}, "kappa_score": -0.22254578298243421, "total_responses": 990, "valid_responses": 990, "krippendorff_alpha": 0.14324966231784253, "type": "categorical", "expert": "false", "task": "Toxicity \\ Safety"}}}