{"Meta-Llama-3.1-8B-Instruct (SP: None, AP: 9)": {"quality_single_turn": {"corr_coeff": {"pearson": -0.3196328533831541, "spearman": -0.31963285338315417, "kendall": -0.3196328533831541}, "p_value": {"pearson": 5.8200177571054716e-09, "spearman": 5.820017757105539e-09, "kendall": 1.331926100721385e-08}, "kappa_score": -0.30289720755933436, "total_responses": 319, "valid_responses": 317, "krippendorff_alpha": NaN, "type": "categorical", "expert": "true", "task": "Instruction Following"}}, "Mixtral-8x7B-Instruct-v0.1 (SP: None, AP: 9)": {"quality_single_turn": {"corr_coeff": {"pearson": -0.06861472892336916, "spearman": -0.06861472892336914, "kendall": -0.06861472892336913}, "p_value": {"pearson": 0.23371770877733433, "spearman": 0.23371770877733458, "kendall": 0.2331056712800179}, "kappa_score": -0.06801566579634466, "total_responses": 319, "valid_responses": 303, "krippendorff_alpha": NaN, "type": "categorical", "expert": "true", "task": "Instruction Following"}}, "Meta-Llama-3.1-70B-Instruct (SP: None, AP: 9)": {"quality_single_turn": {"corr_coeff": {"pearson": 0.9258200997725515, "spearman": 0.9258200997725515, "kendall": 0.9258200997725514}, "p_value": {"pearson": 1.2498691550338245e-11, "spearman": 1.2498691550338006e-11, "kendall": 3.672575114265633e-06}, "kappa_score": 0.9230769230769231, "total_responses": 319, "valid_responses": 26, "krippendorff_alpha": NaN, "type": "categorical", "expert": "true", "task": "Instruction Following"}}, "Starling-LM-7B-alpha (SP: None, AP: 9)": {"quality_single_turn": {"corr_coeff": {"pearson": -0.2536264769659512, "spearman": -0.25362647696595125, "kendall": -0.2536264769659512}, "p_value": {"pearson": 5.1566022078751e-05, "spearman": 5.156602207875022e-05, "kendall": 6.493668400983032e-05}, "kappa_score": -0.25075346594333947, "total_responses": 319, "valid_responses": 249, "krippendorff_alpha": NaN, "type": "categorical", "expert": "true", "task": "Instruction Following"}}, "c4ai-command-r-v01 (SP: None, AP: 9)": {"quality_single_turn": {"corr_coeff": {"pearson": -0.25839938384389777, "spearman": -0.25839938384389777, "kendall": -0.25839938384389777}, "p_value": {"pearson": 0.0008672801031717552, "spearman": 0.0008672801031717567, "kendall": 0.0010058431989904205}, "kappa_score": -0.24815998810497364, "total_responses": 319, "valid_responses": 163, "krippendorff_alpha": NaN, "type": "categorical", "expert": "true", "task": "Instruction Following"}}, "c4ai-command-r-plus (SP: None, AP: 9)": {"quality_single_turn": {"corr_coeff": {"pearson": 0.1898470996872619, "spearman": 0.18984709968726188, "kendall": 0.18984709968726188}, "p_value": {"pearson": 0.001255629542298401, "spearman": 0.0012556295422983903, "kendall": 0.0013506814976769492}, "kappa_score": 0.1879772860779323, "total_responses": 319, "valid_responses": 286, "krippendorff_alpha": NaN, "type": "categorical", "expert": "true", "task": "Instruction Following"}}, "Mistral-7B-Instruct-v0.3 (SP: None, AP: 9)": {"quality_single_turn": {"corr_coeff": {"pearson": -0.29343916618456756, "spearman": -0.29343916618456756, "kendall": -0.29343916618456756}, "p_value": {"pearson": 0.019590502368604153, "spearman": 0.019590502368604268, "kendall": 0.02085814921422848}, "kappa_score": -0.2909836065573772, "total_responses": 319, "valid_responses": 63, "krippendorff_alpha": NaN, "type": "categorical", "expert": "true", "task": "Instruction Following"}}, "OLMo-7B-0724-Instruct-hf (SP: None, AP: 9)": {"quality_single_turn": {"corr_coeff": {"pearson": -0.05366540322966193, "spearman": -0.05366540322966193, "kendall": -0.05366540322966193}, "p_value": {"pearson": 0.38243676375923913, "spearman": 0.3824367637592434, "kendall": 0.38143449910178806}, "kappa_score": -0.047000584030925996, "total_responses": 319, "valid_responses": 267, "krippendorff_alpha": NaN, "type": "categorical", "expert": "true", "task": "Instruction Following"}}, "gemini-1.5-flash-latest (SP: None, AP: 9)": {"quality_single_turn": {"corr_coeff": {"pearson": 0.3257730777256482, "spearman": 0.3257730777256482, "kendall": 0.3257730777256481}, "p_value": {"pearson": 1.2040142361524747e-08, "spearman": 1.204014236152501e-08, "kendall": 2.7402293856652946e-08}, "kappa_score": 0.32356795207787337, "total_responses": 319, "valid_responses": 292, "krippendorff_alpha": NaN, "type": "categorical", "expert": "true", "task": "Instruction Following"}}, "gpt-4o (SP: None, AP: 9)": {"quality_single_turn": {"corr_coeff": {"pearson": 0.6679855748298642, "spearman": 0.6679855748298642, "kendall": 0.6679855748298642}, "p_value": {"pearson": 1.3979197984743351e-42, "spearman": 1.397919798474301e-42, "kendall": 1.0262540724164542e-32}, "kappa_score": 0.6669162119033079, "total_responses": 319, "valid_responses": 319, "krippendorff_alpha": NaN, "type": "categorical", "expert": "true", "task": "Instruction Following"}}}