{"Meta-Llama-3.1-8B-Instruct (SP: None, AP: 9)": {"quality_single_turn": {"corr_coeff": {"pearson": 0.5754068438807243, "spearman": 0.5754068438807242, "kendall": 0.5754068438807242}, "p_value": {"pearson": 3.8000251232742294e-10, "spearman": 3.8000251232742645e-10, "kendall": 1.0329625319348804e-08}, "kappa_score": 0.5500782472613459, "total_responses": 100, "valid_responses": 100, "krippendorff_alpha": NaN, "type": "categorical", "expert": "true", "task": "Instruction Following"}}, "Mixtral-8x7B-Instruct-v0.1 (SP: None, AP: 9)": {"quality_single_turn": {"corr_coeff": {"pearson": 0.6225930680359436, "spearman": 0.6225930680359434, "kendall": 0.6225930680359434}, "p_value": {"pearson": 7.685284865190616e-12, "spearman": 7.685284865190883e-12, "kendall": 8.687358331646047e-10}, "kappa_score": 0.6225930680359435, "total_responses": 100, "valid_responses": 98, "krippendorff_alpha": NaN, "type": "categorical", "expert": "true", "task": "Instruction Following"}}, "Meta-Llama-3.1-70B-Instruct (SP: None, AP: 9)": {"quality_single_turn": {"corr_coeff": {"pearson": 0.8728715609439694, "spearman": 0.8728715609439693, "kendall": 0.8728715609439696}, "p_value": {"pearson": 2.167114938187179e-05, "spearman": 2.1671149381871923e-05, "kendall": 0.001090835176125296}, "kappa_score": 0.8648648648648649, "total_responses": 100, "valid_responses": 15, "krippendorff_alpha": NaN, "type": "categorical", "expert": "true", "task": "Instruction Following"}}, "Starling-LM-7B-alpha (SP: None, AP: 9)": {"quality_single_turn": {"corr_coeff": {"pearson": 0.4603416279399621, "spearman": 0.46034162793996186, "kendall": 0.4603416279399621}, "p_value": {"pearson": 2.526029763341723e-05, "spearman": 2.5260297633417422e-05, "kendall": 5.990993570819256e-05}, "kappa_score": 0.4564705882352941, "total_responses": 100, "valid_responses": 77, "krippendorff_alpha": NaN, "type": "categorical", "expert": "true", "task": "Instruction Following"}}, "c4ai-command-r-v01 (SP: None, AP: 9)": {"quality_single_turn": {"corr_coeff": {"pearson": 0.37587426691766557, "spearman": 0.37587426691766557, "kendall": 0.3758742669176655}, "p_value": {"pearson": 0.0036409321855005203, "spearman": 0.0036409321855005164, "kendall": 0.004542727507573608}, "kappa_score": 0.37357052096569254, "total_responses": 100, "valid_responses": 58, "krippendorff_alpha": NaN, "type": "categorical", "expert": "true", "task": "Instruction Following"}}, "c4ai-command-r-plus (SP: None, AP: 9)": {"quality_single_turn": {"corr_coeff": {"pearson": 0.7239567800038631, "spearman": 0.7239567800038634, "kendall": 0.7239567800038632}, "p_value": {"pearson": 3.255539555863173e-14, "spearman": 3.255539555863062e-14, "kendall": 1.2374300673173177e-10}, "kappa_score": 0.7218710493046776, "total_responses": 100, "valid_responses": 80, "krippendorff_alpha": NaN, "type": "categorical", "expert": "true", "task": "Instruction Following"}}, "Mistral-7B-Instruct-v0.3 (SP: None, AP: 9)": {"quality_single_turn": {"corr_coeff": {"pearson": 0.592156525463792, "spearman": 0.592156525463792, "kendall": 0.592156525463792}, "p_value": {"pearson": 0.0003565510201261693, "spearman": 0.00035655102012617, "kendall": 0.0009772767669988282}, "kappa_score": 0.5625, "total_responses": 100, "valid_responses": 32, "krippendorff_alpha": NaN, "type": "categorical", "expert": "true", "task": "Instruction Following"}}, "OLMo-7B-0724-Instruct-hf (SP: None, AP: 9)": {"quality_single_turn": {"corr_coeff": {"pearson": 0.22941573387056174, "spearman": 0.2294157338705618, "kendall": 0.22941573387056177}, "p_value": {"pearson": 0.03255780736786179, "spearman": 0.0325578073678618, "kendall": 0.033377399936103946}, "kappa_score": 0.2058823529411764, "total_responses": 100, "valid_responses": 87, "krippendorff_alpha": NaN, "type": "categorical", "expert": "true", "task": "Instruction Following"}}, "gemini-1.5-flash-latest (SP: None, AP: 9)": {"quality_single_turn": {"corr_coeff": {"pearson": 0.7199196469393294, "spearman": 0.7199196469393293, "kendall": 0.7199196469393293}, "p_value": {"pearson": 1.8647600722400892e-15, "spearman": 1.8647600722401223e-15, "kendall": 1.4437533472110147e-11}, "kappa_score": 0.7124394184168013, "total_responses": 100, "valid_responses": 89, "krippendorff_alpha": NaN, "type": "categorical", "expert": "true", "task": "Instruction Following"}}, "gpt-4o (SP: None, AP: 9)": {"quality_single_turn": {"corr_coeff": {"pearson": 0.85697150148381, "spearman": 0.8569715014838098, "kendall": 0.8569715014838097}, "p_value": {"pearson": 5.726098987481607e-30, "spearman": 5.726098987481857e-30, "kendall": 1.5050525856423378e-17}, "kappa_score": 0.8567921440261865, "total_responses": 100, "valid_responses": 100, "krippendorff_alpha": NaN, "type": "categorical", "expert": "true", "task": "Instruction Following"}}}