{"Meta-Llama-3.1-8B-Instruct (SP: None, AP: 9)": {"query risk level": {"corr_coeff": {"pearson": -0.019231898261720087, "spearman": -0.0349941110583527, "kendall": -0.03366940350241575}, "p_value": {"pearson": 0.2448773101709164, "spearman": 0.034309295591660356, "kendall": 0.033994183494591455}, "kappa_score": -0.01597583133660052, "total_responses": 3701, "valid_responses": 3658, "krippendorff_alpha": NaN, "type": "categorical", "expert": "true", "task": "Toxicity \\ Safety"}, "response type": {"corr_coeff": {"pearson": 0.1342955591566449, "spearman": 0.14464249898532644, "kendall": 0.12758575399480868}, "p_value": {"pearson": 7.570433898018771e-12, "spearman": 1.5905942035753262e-13, "kendall": 1.0533813063082597e-13}, "kappa_score": -0.03282902984271718, "total_responses": 3701, "valid_responses": 2578, "krippendorff_alpha": NaN, "type": "categorical", "expert": "true", "task": "Toxicity \\ Safety"}}, "Mixtral-8x7B-Instruct-v0.1 (SP: None, AP: 9)": {"query risk level": {"corr_coeff": {"pearson": 0.18682247846438513, "spearman": 0.18584438095035666, "kendall": 0.17583684696624738}, "p_value": {"pearson": 2.249251194793603e-24, "spearman": 3.925304635859524e-24, "kendall": 7.789870749897112e-24}, "kappa_score": 0.07873476871047103, "total_responses": 3701, "valid_responses": 2924, "krippendorff_alpha": NaN, "type": "categorical", "expert": "true", "task": "Toxicity \\ Safety"}, "response type": {"corr_coeff": {"pearson": 0.3866767659779414, "spearman": 0.4795018655111203, "kendall": 0.4316162171515062}, "p_value": {"pearson": 2.1341011074002659e-75, "spearman": 1.8761578208196906e-120, "kendall": 5.552519883012962e-110}, "kappa_score": -0.026083128477254247, "total_responses": 3701, "valid_responses": 2087, "krippendorff_alpha": NaN, "type": "categorical", "expert": "true", "task": "Toxicity \\ Safety"}}, "Meta-Llama-3.1-70B-Instruct (SP: None, AP: 9)": {"query risk level": {"corr_coeff": {"pearson": 0.20117682500066927, "spearman": 0.19951278674984707, "kendall": 0.19521861600194546}, "p_value": {"pearson": 5.004002075726087e-35, "spearman": 1.8181466278170156e-34, "kendall": 5.520920026598888e-34}, "kappa_score": 0.04188045229946824, "total_responses": 3701, "valid_responses": 3693, "krippendorff_alpha": NaN, "type": "categorical", "expert": "true", "task": "Toxicity \\ Safety"}, "response type": {"corr_coeff": {"pearson": 0.6441116992335367, "spearman": 0.7064789206575265, "kendall": 0.6397702740600016}, "p_value": {"pearson": 0.0, "spearman": 0.0, "kendall": 0.0}, "kappa_score": -0.07585032104613054, "total_responses": 3701, "valid_responses": 3578, "krippendorff_alpha": NaN, "type": "categorical", "expert": "true", "task": "Toxicity \\ Safety"}}, "Starling-LM-7B-alpha (SP: None, AP: 9)": {"query risk level": {"corr_coeff": {"pearson": 0.012583794620063182, "spearman": 0.004260434696475429, "kendall": 0.00417556536806512}, "p_value": {"pearson": 0.45590139838079885, "spearman": 0.800708980390631, "kendall": 0.8001328433911599}, "kappa_score": -0.0043914758909424645, "total_responses": 3701, "valid_responses": 3513, "krippendorff_alpha": NaN, "type": "categorical", "expert": "true", "task": "Toxicity \\ Safety"}, "response type": {"corr_coeff": {"pearson": 0.162099598832532, "spearman": 0.1452908475457014, "kendall": 0.13338895276168566}, "p_value": {"pearson": 7.938350388967448e-21, "spearman": 5.347190850107965e-17, "kendall": 6.643386526778932e-17}, "kappa_score": -0.01381501729520429, "total_responses": 3701, "valid_responses": 3293, "krippendorff_alpha": NaN, "type": "categorical", "expert": "true", "task": "Toxicity \\ Safety"}}, "Mistral-7B-Instruct-v0.3 (SP: None, AP: 9)": {"query risk level": {"corr_coeff": {"pearson": 0.11679899657942258, "spearman": 0.10752518712918224, "kendall": 0.10275324874351499}, "p_value": {"pearson": 1.826307928068612e-12, "spearman": 8.92091209793279e-11, "kendall": 9.600379077525928e-11}, "kappa_score": 0.026917070391065168, "total_responses": 3701, "valid_responses": 3618, "krippendorff_alpha": NaN, "type": "categorical", "expert": "true", "task": "Toxicity \\ Safety"}, "response type": {"corr_coeff": {"pearson": 0.4609279754213779, "spearman": 0.566709601645707, "kendall": 0.509056906019834}, "p_value": {"pearson": 7.873345646019075e-184, "spearman": 7.679315708055248e-297, "kendall": 1.718509366952954e-266}, "kappa_score": -0.07581013851176754, "total_responses": 3701, "valid_responses": 3503, "krippendorff_alpha": NaN, "type": "categorical", "expert": "true", "task": "Toxicity \\ Safety"}}, "c4ai-command-r-v01 (SP: None, AP: 9)": {"query risk level": {"corr_coeff": {"pearson": -0.03526118936098234, "spearman": -0.04228819772235982, "kendall": -0.04160640966608526}, "p_value": {"pearson": 0.04565539669893963, "spearman": 0.016522008903340296, "kendall": 0.016576695036020307}, "kappa_score": -0.008253320827122268, "total_responses": 3701, "valid_responses": 3213, "krippendorff_alpha": NaN, "type": "categorical", "expert": "true", "task": "Toxicity \\ Safety"}, "response type": {"corr_coeff": {"pearson": 0.02171256215138582, "spearman": 0.02969746449758332, "kendall": 0.028159196152358325}, "p_value": {"pearson": 0.18933363596115144, "spearman": 0.07258439693538875, "kendall": 0.07298509238860264}, "kappa_score": 0.00040080694879218726, "total_responses": 3701, "valid_responses": 3656, "krippendorff_alpha": NaN, "type": "categorical", "expert": "true", "task": "Toxicity \\ Safety"}}, "c4ai-command-r-plus (SP: None, AP: 9)": {"query risk level": {"corr_coeff": {"pearson": 0.04210283931981462, "spearman": 0.04328717798375179, "kendall": 0.042644325336583314}, "p_value": {"pearson": 0.02273405017352491, "spearman": 0.019180214143124652, "kendall": 0.019216530070925095}, "kappa_score": 0.004046108970241713, "total_responses": 3701, "valid_responses": 2927, "krippendorff_alpha": NaN, "type": "categorical", "expert": "true", "task": "Toxicity \\ Safety"}, "response type": {"corr_coeff": {"pearson": 0.33958609088302344, "spearman": 0.4051663672238043, "kendall": 0.35844617377412297}, "p_value": {"pearson": 3.317387335429033e-54, "spearman": 1.7770666285987292e-78, "kendall": 4.0071700004682025e-74}, "kappa_score": -0.008723758311230512, "total_responses": 3701, "valid_responses": 1964, "krippendorff_alpha": NaN, "type": "categorical", "expert": "true", "task": "Toxicity \\ Safety"}}, "OLMo-7B-0724-Instruct-hf (SP: None, AP: 9)": {"query risk level": {"corr_coeff": {"pearson": 0.011162500341895212, "spearman": 0.03363279845190468, "kendall": 0.03276803217938968}, "p_value": {"pearson": 0.6782101866847561, "spearman": 0.21114045201580697, "kendall": 0.2087207327821461}, "kappa_score": 0.05246713947990522, "total_responses": 3701, "valid_responses": 1384, "krippendorff_alpha": NaN, "type": "categorical", "expert": "true", "task": "Toxicity \\ Safety"}, "response type": {"corr_coeff": {"pearson": 0.23471731811423877, "spearman": 0.31010023302243545, "kendall": 0.2824757101264658}, "p_value": {"pearson": 5.906821963517929e-36, "spearman": 9.145392642014302e-63, "kendall": 1.0381557348964463e-61}, "kappa_score": -0.07135769357703947, "total_responses": 3701, "valid_responses": 2768, "krippendorff_alpha": NaN, "type": "categorical", "expert": "true", "task": "Toxicity \\ Safety"}}, "gemini-1.5-flash-latest (SP: None, AP: 9)": {"query risk level": {"corr_coeff": {"pearson": 0.197658984866972, "spearman": 0.20173175212053288, "kendall": 0.19737729735215273}, "p_value": {"pearson": 1.561952822644152e-32, "spearman": 7.631365468042518e-34, "kendall": 2.4712367300713212e-33}, "kappa_score": 0.056959989948501044, "total_responses": 3701, "valid_responses": 3542, "krippendorff_alpha": NaN, "type": "categorical", "expert": "true", "task": "Toxicity \\ Safety"}, "response type": {"corr_coeff": {"pearson": 0.5870224745219641, "spearman": 0.6625230140162004, "kendall": 0.600956895233716}, "p_value": {"pearson": 4.086362344224959e-223, "spearman": 2.1157305880064264e-304, "kendall": 4.343640356319931e-255},