{"Meta-Llama-3.1-8B-Instruct (SP: None, AP: 9)": {"Informativeness": {"corr_coeff": {"pearson": 0.526783243816218, "spearman": 0.5108587183800143, "kendall": 0.4241835838193108}, "p_value": {"pearson": 2.255604100455922e-12, "spearman": 1.2953033338847039e-11, "kendall": 6.465550275865595e-11}, "kappa_score": NaN, "total_responses": 420, "valid_responses": 154, "krippendorff_alpha": 0.2848732349364207, "type": "graded", "expert": "false", "task": "Summarisation"}, "Relevance": {"corr_coeff": {"pearson": 0.42424989036657434, "spearman": 0.4484505532098985, "kendall": 0.35494218121628257}, "p_value": {"pearson": 9.716193085504374e-13, "spearman": 3.222076008676234e-14, "kendall": 3.2901953149292567e-13}, "kappa_score": NaN, "total_responses": 420, "valid_responses": 259, "krippendorff_alpha": 0.11512128779864284, "type": "graded", "expert": "false", "task": "Summarisation"}, "Fluency": {"corr_coeff": {"pearson": 0.42850237220867854, "spearman": 0.46527536167973527, "kendall": 0.3733043064149008}, "p_value": {"pearson": 4.044840062180523e-08, "spearman": 1.752811051296006e-09, "kendall": 1.1572931244472813e-08}, "kappa_score": NaN, "total_responses": 420, "valid_responses": 151, "krippendorff_alpha": -0.015808123685552733, "type": "graded", "expert": "false", "task": "Summarisation"}, "Coherence": {"corr_coeff": {"pearson": 0.525994337255941, "spearman": 0.5246090767115318, "kendall": 0.42696208922708245}, "p_value": {"pearson": 2.4351230359562188e-15, "spearman": 2.96688708603411e-15, "kendall": 2.4900873620820854e-14}, "kappa_score": NaN, "total_responses": 420, "valid_responses": 196, "krippendorff_alpha": 0.06497202567878013, "type": "graded", "expert": "false", "task": "Summarisation"}}, "Mixtral-8x7B-Instruct-v0.1 (SP: None, AP: 9)": {"Informativeness": {"corr_coeff": {"pearson": 0.4789797810711014, "spearman": 0.45362349816405767, "kendall": 0.3655833279753297}, "p_value": {"pearson": 4.476898686753625e-14, "spearman": 1.2915375661948098e-12, "kendall": 2.8332020694199935e-12}, "kappa_score": NaN, "total_responses": 420, "valid_responses": 221, "krippendorff_alpha": 0.2848732349364207, "type": "graded", "expert": "false", "task": "Summarisation"}, "Relevance": {"corr_coeff": {"pearson": 0.5648185326692177, "spearman": 0.48970073630329075, "kendall": 0.3904723103628711}, "p_value": {"pearson": 1.3511212997482044e-26, "spearman": 1.9408255205335674e-19, "kendall": 8.930428733172491e-18}, "kappa_score": NaN, "total_responses": 420, "valid_responses": 299, "krippendorff_alpha": 0.11512128779864284, "type": "graded", "expert": "false", "task": "Summarisation"}, "Fluency": {"corr_coeff": {"pearson": 0.4587479459063617, "spearman": 0.46024006031694886, "kendall": 0.3753325974342636}, "p_value": {"pearson": 2.0488404414463083e-14, "spearman": 1.6464144005400824e-14, "kendall": 6.642116475564946e-14}, "kappa_score": NaN, "total_responses": 420, "valid_responses": 250, "krippendorff_alpha": -0.015808123685552733, "type": "graded", "expert": "false", "task": "Summarisation"}, "Coherence": {"corr_coeff": {"pearson": 0.47913575192583474, "spearman": 0.44823296373312854, "kendall": 0.3704085176393458}, "p_value": {"pearson": 9.9132909486075e-17, "spearman": 1.3362452911078447e-14, "kendall": 1.1659560485663404e-13}, "kappa_score": NaN, "total_responses": 420, "valid_responses": 267, "krippendorff_alpha": 0.06497202567878013, "type": "graded", "expert": "false", "task": "Summarisation"}}, "Starling-LM-7B-alpha (SP: None, AP: 9)": {"Informativeness": {"corr_coeff": {"pearson": 0.2773797757321259, "spearman": 0.2590084276385428, "kendall": 0.21173888344807984}, "p_value": {"pearson": 3.402373947815016e-08, "spearman": 2.74291620718658e-07, "kendall": 3.011695577339772e-07}, "kappa_score": NaN, "total_responses": 420, "valid_responses": 383, "krippendorff_alpha": 0.2848732349364207, "type": "graded", "expert": "false", "task": "Summarisation"}, "Relevance": {"corr_coeff": {"pearson": 0.09990930576101892, "spearman": 0.05374818898317913, "kendall": 0.045439710760164106}, "p_value": {"pearson": 0.04638185031703353, "spearman": 0.28476617052131986, "kendall": 0.28052214671812203}, "kappa_score": NaN, "total_responses": 420, "valid_responses": 398, "krippendorff_alpha": 0.11512128779864284, "type": "graded", "expert": "false", "task": "Summarisation"}, "Fluency": {"corr_coeff": {"pearson": 0.30771371295681, "spearman": 0.3063516826696449, "kendall": 0.2448674225187681}, "p_value": {"pearson": 7.636653703242347e-10, "spearman": 9.143915932152142e-10, "kendall": 1.24802256769177e-09}, "kappa_score": NaN, "total_responses": 420, "valid_responses": 383, "krippendorff_alpha": -0.015808123685552733, "type": "graded", "expert": "false", "task": "Summarisation"}, "Coherence": {"corr_coeff": {"pearson": 0.29022960689824656, "spearman": 0.2804216291681308, "kendall": 0.22915038004487204}, "p_value": {"pearson": 3.4890455846626676e-09, "spearman": 1.2080912609294181e-08, "kendall": 1.9445622818023782e-08}, "kappa_score": NaN, "total_responses": 420, "valid_responses": 399, "krippendorff_alpha": 0.06497202567878013, "type": "graded", "expert": "false", "task": "Summarisation"}}, "Mistral-7B-Instruct-v0.3 (SP: None, AP: 9)": {"Informativeness": {"corr_coeff": {"pearson": 0.251626184713591, "spearman": 0.23493016567534655, "kendall": 0.193136520421327}, "p_value": {"pearson": 4.476853925315666e-07, "spearman": 2.5699280240886252e-06, "kendall": 2.418752673227984e-06}, "kappa_score": NaN, "total_responses": 420, "valid_responses": 392, "krippendorff_alpha": 0.2848732349364207, "type": "graded", "expert": "false", "task": "Summarisation"}, "Relevance": {"corr_coeff": {"pearson": 0.24895582788881965, "spearman": 0.20823057534331432, "kendall": 0.1774212759503782}, "p_value": {"pearson": 7.787617630986527e-07, "spearman": 3.916837168272922e-05, "kendall": 4.4883131820304865e-05}, "kappa_score": NaN, "total_responses": 420, "valid_responses": 384, "krippendorff_alpha": 0.11512128779864284, "type": "graded", "expert": "false", "task": "Summarisation"}, "Fluency": {"corr_coeff": {"pearson": 0.24111574086883023, "spearman": 0.1788994084600168, "kendall": 0.15303166144250324}, "p_value": {"pearson": 2.7958822691737e-06, "spearman": 0.0005548390279666316, "kendall": 0.0005789062565274678}, "kappa_score": NaN, "total_responses": 420, "valid_responses": 369, "krippendorff_alpha": -0.015808123685552733, "type": "graded", "expert": "false", "task": "Summarisation"}, "Coherence": {"corr_coeff": {"pearson": 0.18350464974204922, "spearman": 0.1436837950121473, "kendall": 0.12181957531436978}, "p_value": {"pearson": 0.0002595293359925178, "spearman": 0.004364859608813684, "kendall": 0.0045171517552627495}, "kappa_score": NaN, "total_responses": 420, "valid_responses": 392, "krippendorff_alpha": 0.06497202567878013, "type": "graded", "expert": "false", "task": "Summarisation"}}, "c4ai-command-r-v01 (SP: None, AP: 9)": {"Informativeness": {"corr_coeff": {"pearson": 0.19163943896339525, "spearman": 0.13654056783326982, "kendall": 0.11586344021553613}, "p_value": {"pearson": 0.001622270562835841, "spearman": 0.025397912938331546, "kendall": 0.026565474764665524}, "kappa_score": NaN, "total_responses": 420, "valid_responses": 268, "krippendorff_alpha": 0.2848732349364207, "type": "graded", "expert": "false", "task": "Summarisation"}, "Relevance": {"corr_coeff": {"pearson": 0.18757647039316416, "spearman": 0.13609933395977672, "kendall": 0.1178751358149982}, "p_value": {"pearson": 0.000259446910437421, "spearman": 0.008314024047811093, "kendall": 0.008389804542537196}, "kappa_score": NaN, "total_responses": 420, "valid_responses": 375, "krippendorff_alpha": 0.11512128779864284, "type": "graded", "expert": "false", "task": "Summarisation"}, "Fluency": {"corr_coeff": {"pearson": 0.28706019019334633, "spearman": 0.23144820598644741, "kendall": 0.19864523027923775}, "p_value": {"pearson": 3.308563069163514e-06, "spearman": 0.0001983290410826689, "kendall": 0.00020980713885591272}, "kappa_score": NaN,