{"Meta-Llama-3.1-8B-Instruct (SP: None, AP: 9)": {"Overall Quality": {"corr_coeff": {"pearson": 0.38513110818813207, "spearman": 0.384165667533821, "kendall": 0.33425799172719783}, "p_value": {"pearson": 7.835198593301378e-09, "spearman": 8.599014924982381e-09, "kendall": 1.1038112843079858e-08}, "kappa_score": 0.17871453758615152, "total_responses": 210, "valid_responses": 210, "krippendorff_alpha": NaN, "type": "graded", "expert": "true", "task": "Reasoning"}, "Coherency": {"corr_coeff": {"pearson": 0.44288279514667506, "spearman": 0.4893090160574349, "kendall": 0.4398151815567955}, "p_value": {"pearson": 2.105283957877108e-11, "spearman": 6.40069216551433e-14, "kendall": 3.222113441875039e-12}, "kappa_score": 0.21068165846802522, "total_responses": 210, "valid_responses": 208, "krippendorff_alpha": NaN, "type": "graded", "expert": "true", "task": "Reasoning"}, "Missing Steps": {"corr_coeff": {"pearson": -0.036815497579446466, "spearman": -0.036815497579446466, "kendall": -0.03681549757944646}, "p_value": {"pearson": 0.6065987251834649, "spearman": 0.6065987251834645, "kendall": 0.6053445583879132}, "kappa_score": -0.015974440894568565, "total_responses": 210, "valid_responses": 198, "krippendorff_alpha": NaN, "type": "categorical", "expert": "true", "task": "Reasoning"}, "Contradiction": {"corr_coeff": {"pearson": -0.21476628916142532, "spearman": -0.2147662891614253, "kendall": -0.2147662891614253}, "p_value": {"pearson": 0.0019858016605241095, "spearman": 0.001985801660524092, "kendall": 0.0021587467527422587}, "kappa_score": -0.08554657033783508, "total_responses": 210, "valid_responses": 205, "krippendorff_alpha": NaN, "type": "categorical", "expert": "true", "task": "Reasoning"}}, "Mixtral-8x7B-Instruct-v0.1 (SP: None, AP: 9)": {"Overall Quality": {"corr_coeff": {"pearson": 0.4165715904183822, "spearman": 0.3897305099581545, "kendall": 0.3378778019340166}, "p_value": {"pearson": 3.3385740192095517e-09, "spearman": 3.833500787605507e-08, "kendall": 7.815515682616003e-08}, "kappa_score": 0.18159682173522995, "total_responses": 210, "valid_responses": 186, "krippendorff_alpha": NaN, "type": "graded", "expert": "true", "task": "Reasoning"}, "Coherency": {"corr_coeff": {"pearson": 0.19632826388297858, "spearman": 0.19359238792299077, "kendall": 0.17545922101431957}, "p_value": {"pearson": 0.007562039219249013, "spearman": 0.008461532255897342, "kendall": 0.008806529550624902}, "kappa_score": 0.07576857903655287, "total_responses": 210, "valid_responses": 184, "krippendorff_alpha": NaN, "type": "graded", "expert": "true", "task": "Reasoning"}, "Missing Steps": {"corr_coeff": {"pearson": -0.23706501552921716, "spearman": -0.23706501552921716, "kendall": -0.23706501552921716}, "p_value": {"pearson": 0.0009304902766277328, "spearman": 0.0009304902766277316, "kendall": 0.0010517539800276375}, "kappa_score": -0.21875, "total_responses": 210, "valid_responses": 192, "krippendorff_alpha": NaN, "type": "categorical", "expert": "true", "task": "Reasoning"}, "Contradiction": {"corr_coeff": {"pearson": -0.04236466795155182, "spearman": -0.0423646679515518, "kendall": -0.0423646679515518}, "p_value": {"pearson": 0.5637636643002606, "spearman": 0.5637636643002617, "kendall": 0.5623677942048317}, "kappa_score": -0.00797360461919161, "total_responses": 210, "valid_responses": 188, "krippendorff_alpha": NaN, "type": "categorical", "expert": "true", "task": "Reasoning"}}, "Starling-LM-7B-alpha (SP: None, AP: 9)": {"Overall Quality": {"corr_coeff": {"pearson": 0.30170102143108873, "spearman": 0.27737799664490165, "kendall": 0.24481551846529595}, "p_value": {"pearson": 8.582913763234232e-06, "spearman": 4.584408136703595e-05, "kendall": 6.66703865067542e-05}, "kappa_score": 0.08931943764426109, "total_responses": 210, "valid_responses": 210, "krippendorff_alpha": NaN, "type": "graded", "expert": "true", "task": "Reasoning"}, "Coherency": {"corr_coeff": {"pearson": 0.12019866653359645, "spearman": 0.06160597945445573, "kendall": 0.054224039883580065}, "p_value": {"pearson": 0.08225428539860515, "spearman": 0.3743950479279554, "kendall": 0.3972515909718024}, "kappa_score": 0.025114897172833217, "total_responses": 210, "valid_responses": 210, "krippendorff_alpha": NaN, "type": "graded", "expert": "true", "task": "Reasoning"}, "Missing Steps": {"corr_coeff": {"pearson": -0.06911739145392246, "spearman": -0.06911739145392247, "kendall": -0.06911739145392247}, "p_value": {"pearson": 0.3188516649418669, "spearman": 0.318851664941867, "kendall": 0.3176888380139936}, "kappa_score": -0.03221276222241731, "total_responses": 210, "valid_responses": 210, "krippendorff_alpha": NaN, "type": "categorical", "expert": "true", "task": "Reasoning"}, "Contradiction": {"corr_coeff": {"pearson": -0.06438637210528617, "spearman": -0.06438637210528621, "kendall": -0.06438637210528622}, "p_value": {"pearson": 0.35668204716108237, "spearman": 0.35668204716108254, "kendall": 0.3554247321288164}, "kappa_score": -0.027716617018520795, "total_responses": 210, "valid_responses": 207, "krippendorff_alpha": NaN, "type": "categorical", "expert": "true", "task": "Reasoning"}}, "Mistral-7B-Instruct-v0.3 (SP: None, AP: 9)": {"Overall Quality": {"corr_coeff": {"pearson": 0.3094481173243899, "spearman": 0.3048539056800094, "kendall": 0.26515647969825634}, "p_value": {"pearson": 5.411623362825166e-06, "spearman": 7.56264007907217e-06, "kendall": 1.165102372220626e-05}, "kappa_score": 0.12321895140219463, "total_responses": 210, "valid_responses": 208, "krippendorff_alpha": NaN, "type": "graded", "expert": "true", "task": "Reasoning"}, "Coherency": {"corr_coeff": {"pearson": 0.24257736891373588, "spearman": 0.26050252347287073, "kendall": 0.2370913629299106}, "p_value": {"pearson": 0.00047270106814875423, "spearman": 0.00016786229078078447, "kendall": 0.00020776674906100738}, "kappa_score": 0.14072570413600605, "total_responses": 210, "valid_responses": 204, "krippendorff_alpha": NaN, "type": "graded", "expert": "true", "task": "Reasoning"}, "Missing Steps": {"corr_coeff": {"pearson": -0.14146895587545702, "spearman": -0.141468955875457, "kendall": -0.14146895587545702}, "p_value": {"pearson": 0.04054473765088944, "spearman": 0.04054473765088951, "kendall": 0.04083583729524579}, "kappa_score": -0.14036688874691983, "total_responses": 210, "valid_responses": 210, "krippendorff_alpha": NaN, "type": "categorical", "expert": "true", "task": "Reasoning"}, "Contradiction": {"corr_coeff": {"pearson": -0.0290543601573988, "spearman": -0.029054360157398817, "kendall": -0.029054360157398828}, "p_value": {"pearson": 0.6777203721607494, "spearman": 0.6777203721607485, "kendall": 0.67667217745879}, "kappa_score": -0.007160561828697176, "total_responses": 210, "valid_responses": 207, "krippendorff_alpha": NaN, "type": "categorical", "expert": "true", "task": "Reasoning"}}, "c4ai-command-r-v01 (SP: None, AP: 9)": {"Overall Quality": {"corr_coeff": {"pearson": 0.5221298331774165, "spearman": 0.4601863140098989, "kendall": 0.4167063673434356}, "p_value": {"pearson": 4.389971213392163e-16, "spearman": 2.108102661750109e-12, "kendall": 2.8319359856472555e-11}, "kappa_score": 0.09383456447012362, "total_responses": 210, "valid_responses": 210, "krippendorff_alpha": NaN, "type": "graded", "expert": "true", "task": "Reasoning"}, "Coherency": {"corr_coeff": {"pearson": 0.1802013949749633, "spearman": 0.12392914866273888, "kendall": 0.11750646838489832}, "p_value": {"pearson": 0.010090402151565966, "spearman": 0.07813483418938755, "kendall": 0.07883147419271432}, "kappa_score": 0.06409875074360505, "total_responses": 210, "valid_responses": 203, "krippendorff_alpha": NaN, "type": "graded", "expert": "true", "task": "Reasoning"}, "Missing Steps": {"corr_coeff": {"pearson": -0.2440011055006973, "spearman": -0.2440011055006973, "kendall": -0.2440011055006973}, "p_value": {"pearson": 0.0004088012941317915, "spearman": 0.00040880129413179214, "kendall": 0.0004766184258876243}, "kappa_score": -0.23076187744957477,