{"Meta-Llama-3.1-8B-Instruct (SP: None, AP: 9)": {"Overall Quality": {"corr_coeff": {"pearson": 0.3012823112472585, "spearman": 0.34796739286545686, "kendall": 0.2942334633908415}, "p_value": {"pearson": 0.00017046804426974245, "spearman": 1.197886066945788e-05, "kendall": 2.6225155169219752e-05}, "kappa_score": 0.16474266474266475, "total_responses": 151, "valid_responses": 151, "krippendorff_alpha": NaN, "type": "graded", "expert": "true", "task": "Reasoning"}, "Coherency": {"corr_coeff": {"pearson": 0.09281872288985206, "spearman": 0.10438386236314931, "kendall": 0.09643524149568265}, "p_value": {"pearson": 0.25698482066335593, "spearman": 0.2021256255506362, "kendall": 0.20568074249295898}, "kappa_score": 0.015995260663507205, "total_responses": 151, "valid_responses": 151, "krippendorff_alpha": NaN, "type": "graded", "expert": "true", "task": "Reasoning"}, "Missing Steps": {"corr_coeff": {"pearson": -0.02617356844329189, "spearman": -0.02617356844329189, "kendall": -0.026173568443291887}, "p_value": {"pearson": 0.7513553492595214, "spearman": 0.7513553492595222, "kendall": 0.7501700077473575}, "kappa_score": -0.014920531949399907, "total_responses": 151, "valid_responses": 149, "krippendorff_alpha": NaN, "type": "categorical", "expert": "true", "task": "Reasoning"}, "Contradiction": {"corr_coeff": {"pearson": -0.138076441867896, "spearman": -0.138076441867896, "kendall": -0.13807644186789597}, "p_value": {"pearson": 0.0908901968469075, "spearman": 0.09089019684690765, "kendall": 0.09082073378630184}, "kappa_score": -0.06452383797347339, "total_responses": 151, "valid_responses": 151, "krippendorff_alpha": NaN, "type": "categorical", "expert": "true", "task": "Reasoning"}}, "Mixtral-8x7B-Instruct-v0.1 (SP: None, AP: 9)": {"Overall Quality": {"corr_coeff": {"pearson": 0.35849199318778474, "spearman": 0.3728485423915395, "kendall": 0.3330432062201386}, "p_value": {"pearson": 8.87000125746847e-06, "spearman": 3.5752758400078146e-06, "kendall": 7.806331308828851e-06}, "kappa_score": 0.13256172839506164, "total_responses": 151, "valid_responses": 146, "krippendorff_alpha": NaN, "type": "graded", "expert": "true", "task": "Reasoning"}, "Coherency": {"corr_coeff": {"pearson": 0.28027254368571475, "spearman": 0.24211687062673345, "kendall": 0.2321725143130722}, "p_value": {"pearson": 0.0005131457819657606, "spearman": 0.0028353061568235586, "kendall": 0.0032513096004927523}, "kappa_score": 0.12078710487753808, "total_responses": 151, "valid_responses": 150, "krippendorff_alpha": NaN, "type": "graded", "expert": "true", "task": "Reasoning"}, "Missing Steps": {"corr_coeff": {"pearson": -0.0019688053109398057, "spearman": -0.001968805310939817, "kendall": -0.001968805310939817}, "p_value": {"pearson": 0.9813154289902654, "spearman": 0.9813154289902666, "kendall": 0.9812167502693686}, "kappa_score": -0.0018416206261511192, "total_responses": 151, "valid_responses": 144, "krippendorff_alpha": NaN, "type": "categorical", "expert": "true", "task": "Reasoning"}, "Contradiction": {"corr_coeff": {"pearson": -0.16706696460701742, "spearman": -0.1670669646070174, "kendall": -0.1670669646070174}, "p_value": {"pearson": 0.04312216125474734, "spearman": 0.04312216125474747, "kendall": 0.04352071739343653}, "kappa_score": -0.06742738589211617, "total_responses": 151, "valid_responses": 147, "krippendorff_alpha": NaN, "type": "categorical", "expert": "true", "task": "Reasoning"}}, "Starling-LM-7B-alpha (SP: None, AP: 9)": {"Overall Quality": {"corr_coeff": {"pearson": 0.32227322550110826, "spearman": 0.27524745002433715, "kendall": 0.23952670365717058}, "p_value": {"pearson": 5.449636053734149e-05, "spearman": 0.0006250476807673666, "kendall": 0.0009735345320339763}, "kappa_score": 0.06135135135135139, "total_responses": 151, "valid_responses": 151, "krippendorff_alpha": NaN, "type": "graded", "expert": "true", "task": "Reasoning"}, "Coherency": {"corr_coeff": {"pearson": 0.1445090009836422, "spearman": 0.09566619327708385, "kendall": 0.0886925136541379}, "p_value": {"pearson": 0.07667644589543468, "spearman": 0.24261352128778854, "kendall": 0.23994745022090191}, "kappa_score": 0.0535840395480226, "total_responses": 151, "valid_responses": 151, "krippendorff_alpha": NaN, "type": "graded", "expert": "true", "task": "Reasoning"}, "Missing Steps": {"corr_coeff": {"pearson": 0.259425396774636, "spearman": 0.259425396774636, "kendall": 0.259425396774636}, "p_value": {"pearson": 0.0013469322859877343, "spearman": 0.0013469322859877494, "kendall": 0.0015418430309926995}, "kappa_score": 0.17682926829268297, "total_responses": 151, "valid_responses": 150, "krippendorff_alpha": NaN, "type": "categorical", "expert": "true", "task": "Reasoning"}, "Contradiction": {"corr_coeff": {"pearson": -0.12826451650370663, "spearman": -0.1282645165037066, "kendall": -0.1282645165037066}, "p_value": {"pearson": 0.11652367677501012, "spearman": 0.11652367677500972, "kendall": 0.11620283815719225}, "kappa_score": -0.06393528183716057, "total_responses": 151, "valid_responses": 151, "krippendorff_alpha": NaN, "type": "categorical", "expert": "true", "task": "Reasoning"}}, "Mistral-7B-Instruct-v0.3 (SP: None, AP: 9)": {"Overall Quality": {"corr_coeff": {"pearson": 0.25042855218576854, "spearman": 0.19390196355837622, "kendall": 0.1755037231821055}, "p_value": {"pearson": 0.001995786323717866, "spearman": 0.017428148284093045, "kendall": 0.017642927631305733}, "kappa_score": 0.07837393727227271, "total_responses": 151, "valid_responses": 150, "krippendorff_alpha": NaN, "type": "graded", "expert": "true", "task": "Reasoning"}, "Coherency": {"corr_coeff": {"pearson": 0.11423534666297389, "spearman": 0.14767394552997998, "kendall": 0.1403150833703091}, "p_value": {"pearson": 0.1653740360326878, "spearman": 0.07229176718891972, "kendall": 0.07282984902690724}, "kappa_score": 0.03844569545516974, "total_responses": 151, "valid_responses": 149, "krippendorff_alpha": NaN, "type": "graded", "expert": "true", "task": "Reasoning"}, "Missing Steps": {"corr_coeff": {"pearson": 0.05906504542210935, "spearman": 0.05906504542210935, "kendall": 0.05906504542210935}, "p_value": {"pearson": 0.472774717548836, "spearman": 0.4727747175488364, "kendall": 0.4709213512430428}, "kappa_score": 0.055273547659334454, "total_responses": 151, "valid_responses": 150, "krippendorff_alpha": NaN, "type": "categorical", "expert": "true", "task": "Reasoning"}, "Contradiction": {"corr_coeff": {"pearson": -0.19530883212518396, "spearman": -0.195308832125184, "kendall": -0.19530883212518396}, "p_value": {"pearson": 0.016986258494573452, "spearman": 0.01698625849457331, "kendall": 0.017499826899147027}, "kappa_score": -0.06731682057478205, "total_responses": 151, "valid_responses": 149, "krippendorff_alpha": NaN, "type": "categorical", "expert": "true", "task": "Reasoning"}}, "c4ai-command-r-v01 (SP: None, AP: 9)": {"Overall Quality": {"corr_coeff": {"pearson": 0.38210832116967025, "spearman": 0.32249220635666664, "kendall": 0.2992401700137051}, "p_value": {"pearson": 1.2892284326798624e-06, "spearman": 5.382751874013829e-05, "kendall": 7.82775491104838e-05}, "kappa_score": 0.06333282279062658, "total_responses": 151, "valid_responses": 151, "krippendorff_alpha": NaN, "type": "graded", "expert": "true", "task": "Reasoning"}, "Coherency": {"corr_coeff": {"pearson": 0.37210938496254853, "spearman": 0.33386550835177986, "kendall": 0.3250367400384181}, "p_value": {"pearson": 2.5433267114595695e-06, "spearman": 2.7973420217703717e-05, "kendall": 4.860235312902498e-05}, "kappa_score": 0.24025157232704408, "total_responses": 151, "valid_responses": 151, "krippendorff_alpha": NaN, "type": "graded", "expert": "true", "task": "Reasoning"}, "Missing Steps": {"corr_coeff": {"pearson": -0.015909315027616774, "spearman": -0.01590931502761675, "kendall": -0.01590931502761675}, "p_value": {"pearson": 0.8483253297269439, "spearman": 0.8483253297269449, "kendall": 0.8475597094969135}, "kappa_score": -0.014559894109861027, "total_responses": 151,