{"Mistral-7B-Instruct-v0.3 (SP: None, AP: 9)": {"coherence": {"corr_coeff": {"pearson": 0.447778729679472, "spearman": 0.43317989082900255, "kendall": 0.34882148261367124}, "p_value": {"pearson": 1.3917787555167765e-79, "spearman": 4.842317305116873e-74, "kendall": 2.314778813113512e-71}, "kappa_score": NaN, "total_responses": 1600, "valid_responses": 1597, "krippendorff_alpha": NaN, "type": "graded", "expert": "unknown", "task": "Summarisation"}, "consistency": {"corr_coeff": {"pearson": 0.5378026214948928, "spearman": 0.42350771452336333, "kendall": 0.3992605085095935}, "p_value": {"pearson": 7.621950386924268e-119, "spearman": 1.2999373585169314e-69, "kendall": 2.43281893971869e-64}, "kappa_score": NaN, "total_responses": 1600, "valid_responses": 1576, "krippendorff_alpha": NaN, "type": "graded", "expert": "unknown", "task": "Summarisation"}, "fluency": {"corr_coeff": {"pearson": 0.276200809077635, "spearman": 0.23993039122762685, "kendall": 0.22673145544080825}, "p_value": {"pearson": 4.464141664486981e-29, "spearman": 3.882527983734835e-22, "kendall": 9.498885464405263e-22}, "kappa_score": NaN, "total_responses": 1600, "valid_responses": 1581, "krippendorff_alpha": NaN, "type": "graded", "expert": "unknown", "task": "Summarisation"}, "relevance": {"corr_coeff": {"pearson": 0.4943477695842834, "spearman": 0.4350603427714236, "kendall": 0.36225667447333554}, "p_value": {"pearson": 2.3431378199564596e-99, "spearman": 7.067847960855889e-75, "kendall": 1.372206770806811e-70}, "kappa_score": NaN, "total_responses": 1600, "valid_responses": 1600, "krippendorff_alpha": NaN, "type": "graded", "expert": "unknown", "task": "Summarisation"}}, "c4ai-command-r-v01 (SP: None, AP: 9)": {"coherence": {"corr_coeff": {"pearson": 0.2488266008387403, "spearman": 0.2062860811039235, "kendall": 0.1712507475646449}, "p_value": {"pearson": 9.838523875005261e-22, "spearman": 2.7691458519996027e-15, "kendall": 3.1092314922131867e-15}, "kappa_score": NaN, "total_responses": 1600, "valid_responses": 1438, "krippendorff_alpha": NaN, "type": "graded", "expert": "unknown", "task": "Summarisation"}, "consistency": {"corr_coeff": {"pearson": 0.1293036528309354, "spearman": 0.10997977982517443, "kendall": 0.10417906567898706}, "p_value": {"pearson": 3.5834094610600523e-07, "spearman": 1.5313225352464015e-05, "kendall": 1.5792504730106567e-05}, "kappa_score": NaN, "total_responses": 1600, "valid_responses": 1539, "krippendorff_alpha": NaN, "type": "graded", "expert": "unknown", "task": "Summarisation"}, "fluency": {"corr_coeff": {"pearson": 0.2425431601021808, "spearman": 0.21973322743860796, "kendall": 0.20697279326731222}, "p_value": {"pearson": 1.5483251289357627e-21, "spearman": 7.215486715560853e-18, "kendall": 1.4493537410547697e-17}, "kappa_score": NaN, "total_responses": 1600, "valid_responses": 1501, "krippendorff_alpha": NaN, "type": "graded", "expert": "unknown", "task": "Summarisation"}, "relevance": {"corr_coeff": {"pearson": 0.21670318647171438, "spearman": 0.15531713485127635, "kendall": 0.13265109580238388}, "p_value": {"pearson": 1.5837171325044997e-17, "spearman": 1.2687587647902242e-09, "kendall": 1.240637216104912e-09}, "kappa_score": NaN, "total_responses": 1600, "valid_responses": 1512, "krippendorff_alpha": NaN, "type": "graded", "expert": "unknown", "task": "Summarisation"}}, "Starling-LM-7B-alpha (SP: None, AP: 9)": {"coherence": {"corr_coeff": {"pearson": 0.2222645766048349, "spearman": 0.22749523561679497, "kendall": 0.18544936190557204}, "p_value": {"pearson": 5.298619794621032e-19, "spearman": 7.442119517055925e-20, "kendall": 9.22318572459388e-20}, "kappa_score": NaN, "total_responses": 1600, "valid_responses": 1568, "krippendorff_alpha": NaN, "type": "graded", "expert": "unknown", "task": "Summarisation"}, "consistency": {"corr_coeff": {"pearson": 0.3109744417939074, "spearman": 0.23761650229649353, "kendall": 0.2188851489491384}, "p_value": {"pearson": 1.5917624674480303e-34, "spearman": 1.9791229648985686e-20, "kendall": 5.417698455499059e-20}, "kappa_score": NaN, "total_responses": 1600, "valid_responses": 1479, "krippendorff_alpha": NaN, "type": "graded", "expert": "unknown", "task": "Summarisation"}, "fluency": {"corr_coeff": {"pearson": 0.1228775073055367, "spearman": 0.11064016760747905, "kendall": 0.10008809554621471}, "p_value": {"pearson": 9.18683346621185e-07, "spearman": 1.0040811972874146e-05, "kendall": 9.341379621979182e-06}, "kappa_score": NaN, "total_responses": 1600, "valid_responses": 1586, "krippendorff_alpha": NaN, "type": "graded", "expert": "unknown", "task": "Summarisation"}, "relevance": {"corr_coeff": {"pearson": 0.3960506510598939, "spearman": 0.37694368890639646, "kendall": 0.3104752164124085}, "p_value": {"pearson": 4.9969385517923035e-57, "spearman": 2.0881644234878854e-51, "kendall": 5.519099511903711e-50}, "kappa_score": NaN, "total_responses": 1600, "valid_responses": 1487, "krippendorff_alpha": NaN, "type": "graded", "expert": "unknown", "task": "Summarisation"}}, "Meta-Llama-3.1-8B-Instruct (SP: None, AP: 9)": {"coherence": {"corr_coeff": {"pearson": 0.24260746694059263, "spearman": 0.24604270719273727, "kendall": 0.2029879912844846}, "p_value": {"pearson": 3.2497392173323724e-21, "spearman": 8.599531497664659e-22, "kendall": 7.448429419356783e-22}, "kappa_score": NaN, "total_responses": 1600, "valid_responses": 1476, "krippendorff_alpha": NaN, "type": "graded", "expert": "unknown", "task": "Summarisation"}, "consistency": {"corr_coeff": {"pearson": 0.3910722753736604, "spearman": 0.3316750298177823, "kendall": 0.2962292795168709}, "p_value": {"pearson": 2.9128965782515035e-34, "spearman": 1.4960187293540058e-24, "kendall": 2.114820566051842e-23}, "kappa_score": NaN, "total_responses": 1600, "valid_responses": 900, "krippendorff_alpha": NaN, "type": "graded", "expert": "unknown", "task": "Summarisation"}, "fluency": {"corr_coeff": {"pearson": 0.062116483540147746, "spearman": 0.06022077457562913, "kendall": 0.056689460323679663}, "p_value": {"pearson": 0.019278472919753056, "spearman": 0.02329549825432959, "kendall": 0.02311356627766759}, "kappa_score": NaN, "total_responses": 1600, "valid_responses": 1419, "krippendorff_alpha": NaN, "type": "graded", "expert": "unknown", "task": "Summarisation"}, "relevance": {"corr_coeff": {"pearson": 0.35363776377958966, "spearman": 0.33925013101458357, "kendall": 0.278350404130041}, "p_value": {"pearson": 1.2858282257919819e-39, "spearman": 2.102624560767544e-36, "kendall": 2.7972506835470654e-35}, "kappa_score": NaN, "total_responses": 1600, "valid_responses": 1301, "krippendorff_alpha": NaN, "type": "graded", "expert": "unknown", "task": "Summarisation"}}, "c4ai-command-r-plus (SP: None, AP: 9)": {"coherence": {"corr_coeff": {"pearson": 0.46097779018984736, "spearman": 0.4537505471852768, "kendall": 0.36772361930399766}, "p_value": {"pearson": 3.482540805461687e-77, "spearman": 1.5041530909014261e-74, "kendall": 7.487118033534927e-70}, "kappa_score": NaN, "total_responses": 1600, "valid_responses": 1450, "krippendorff_alpha": NaN, "type": "graded", "expert": "unknown", "task": "Summarisation"}, "consistency": {"corr_coeff": {"pearson": 0.4573494775775607, "spearman": 0.4097246514391184, "kendall": 0.38819317453453767}, "p_value": {"pearson": 4.48649734555592e-52, "spearman": 3.6624042970691635e-41, "kendall": 3.863916580860779e-38}, "kappa_score": NaN, "total_responses": 1600, "valid_responses": 985, "krippendorff_alpha": NaN, "type": "graded", "expert": "unknown", "task": "Summarisation"}, "fluency": {"corr_coeff": {"pearson": 0.3808019213056828, "spearman": 0.34446776773998805, "kendall": 0.3230300515657118}, "p_value": {"pearson": 4.2743034673440764e-45, "spearman": 1.0770125770794125e-36, "kendall": 2.4687819686717464e-35}, "kappa_score": NaN, "total_responses": 1600, "valid_responses": 1270, "krippendorff_alpha": NaN, "type": "graded", "expert": "unknown", "task": "Summarisation"}, "relevance": {"corr_coeff": {"pearson": -0.010114215116166586,