{"Mistral-7B-Instruct-v0.3 (SP: None, AP: 9)": {"toxicity": {"corr_coeff": {"pearson": 0.4915013288735096, "spearman": 0.4915013288735095, "kendall": 0.49150132887350956}, "p_value": {"pearson": 0.0, "spearman": 0.0, "kendall": 0.0}, "kappa_score": 0.45746507001772996, "total_responses": 11288, "valid_responses": 11146, "krippendorff_alpha": NaN, "type": "categorical", "expert": "true", "task": "Toxicity \\ Safety"}, "jailbreaking": {"corr_coeff": {"pearson": 0.41054182276636164, "spearman": 0.4105418227663621, "kendall": 0.41054182276636214}, "p_value": {"pearson": 0.0, "spearman": 0.0, "kendall": 0.0}, "kappa_score": 0.36514277154412966, "total_responses": 11288, "valid_responses": 11125, "krippendorff_alpha": NaN, "type": "categorical", "expert": "true", "task": "Toxicity \\ Safety"}}, "Starling-LM-7B-alpha (SP: None, AP: 9)": {"toxicity": {"corr_coeff": {"pearson": 0.46838791981590205, "spearman": 0.46838791981590183, "kendall": 0.4683879198159019}, "p_value": {"pearson": 0.0, "spearman": 0.0, "kendall": 0.0}, "kappa_score": 0.43978553433021916, "total_responses": 11288, "valid_responses": 11229, "krippendorff_alpha": NaN, "type": "categorical", "expert": "true", "task": "Toxicity \\ Safety"}, "jailbreaking": {"corr_coeff": {"pearson": 0.29206968817523543, "spearman": 0.2920696881752356, "kendall": 0.29206968817523565}, "p_value": {"pearson": 1.6984007530396196e-219, "spearman": 1.6984007530380213e-219, "kendall": 4.096297702395649e-210}, "kappa_score": 0.21155867786015414, "total_responses": 11288, "valid_responses": 11219, "krippendorff_alpha": NaN, "type": "categorical", "expert": "true", "task": "Toxicity \\ Safety"}}, "c4ai-command-r-v01 (SP: None, AP: 9)": {"toxicity": {"corr_coeff": {"pearson": 0.5171474848008268, "spearman": 0.5171474848008262, "kendall": 0.5171474848008263}, "p_value": {"pearson": 0.0, "spearman": 0.0, "kendall": 0.0}, "kappa_score": 0.5171474848008263, "total_responses": 11288, "valid_responses": 9945, "krippendorff_alpha": NaN, "type": "categorical", "expert": "true", "task": "Toxicity \\ Safety"}, "jailbreaking": {"corr_coeff": {"pearson": 0.25946108988374894, "spearman": 0.2594610898837488, "kendall": 0.2594610898837488}, "p_value": {"pearson": 2.8215486218645064e-170, "spearman": 2.8215486218645943e-170, "kendall": 1.4350451980912259e-164}, "kappa_score": 0.1488741779239029, "total_responses": 11288, "valid_responses": 11104, "krippendorff_alpha": NaN, "type": "categorical", "expert": "true", "task": "Toxicity \\ Safety"}}, "Meta-Llama-3.1-8B-Instruct (SP: None, AP: 9)": {"toxicity": {"corr_coeff": {"pearson": 0.3137466529089821, "spearman": 0.31374665290898196, "kendall": 0.31374665290898207}, "p_value": {"pearson": 1.9525695050300218e-244, "spearman": 1.9525695050310826e-244, "kendall": 2.4584366909202137e-232}, "kappa_score": 0.23674875915566007, "total_responses": 11288, "valid_responses": 10761, "krippendorff_alpha": NaN, "type": "categorical", "expert": "true", "task": "Toxicity \\ Safety"}, "jailbreaking": {"corr_coeff": {"pearson": 0.26149865725113774, "spearman": 0.2614986572511377, "kendall": 0.2614986572511377}, "p_value": {"pearson": 4.0878344046139536e-171, "spearman": 4.0878344046190705e-171, "kendall": 2.741133132219007e-165}, "kappa_score": 0.19890398521352837, "total_responses": 11288, "valid_responses": 10980, "krippendorff_alpha": NaN, "type": "categorical", "expert": "true", "task": "Toxicity \\ Safety"}}, "Mixtral-8x7B-Instruct-v0.1 (SP: None, AP: 9)": {"toxicity": {"corr_coeff": {"pearson": 0.5103974120722402, "spearman": 0.5103974120722401, "kendall": 0.5103974120722401}, "p_value": {"pearson": 0.0, "spearman": 0.0, "kendall": 0.0}, "kappa_score": 0.4758971876022101, "total_responses": 11288, "valid_responses": 10965, "krippendorff_alpha": NaN, "type": "categorical", "expert": "true", "task": "Toxicity \\ Safety"}, "jailbreaking": {"corr_coeff": {"pearson": 0.2722989486969799, "spearman": 0.27229894869698007, "kendall": 0.27229894869698}, "p_value": {"pearson": 1.2577530057062023e-188, "spearman": 1.2577530057052933e-188, "kendall": 1.2036916180252846e-181}, "kappa_score": 0.17815861726230164, "total_responses": 11288, "valid_responses": 11141, "krippendorff_alpha": NaN, "type": "categorical", "expert": "true", "task": "Toxicity \\ Safety"}}, "OLMo-7B-0724-Instruct-hf (SP: None, AP: 9)": {"toxicity": {"corr_coeff": {"pearson": 0.46130800838369207, "spearman": 0.46130800838369174, "kendall": 0.46130800838369174}, "p_value": {"pearson": 0.0, "spearman": 0.0, "kendall": 0.0}, "kappa_score": 0.45129916704213024, "total_responses": 11288, "valid_responses": 10422, "krippendorff_alpha": NaN, "type": "categorical", "expert": "true", "task": "Toxicity \\ Safety"}, "jailbreaking": {"corr_coeff": {"pearson": 0.22888362629874945, "spearman": 0.22888362629874962, "kendall": 0.22888362629874956}, "p_value": {"pearson": 2.2708584662043127e-112, "spearman": 2.2708584662025713e-112, "kendall": 1.807815010535804e-109}, "kappa_score": 0.17534271583415928, "total_responses": 11288, "valid_responses": 9433, "krippendorff_alpha": NaN, "type": "categorical", "expert": "true", "task": "Toxicity \\ Safety"}}, "Meta-Llama-3.1-70B-Instruct (SP: None, AP: 9)": {"toxicity": {"corr_coeff": {"pearson": 0.442470503540085, "spearman": 0.4424705035400855, "kendall": 0.4424705035400855}, "p_value": {"pearson": 0.0, "spearman": 0.0, "kendall": 0.0}, "kappa_score": 0.39154103688602626, "total_responses": 11288, "valid_responses": 11251, "krippendorff_alpha": NaN, "type": "categorical", "expert": "true", "task": "Toxicity \\ Safety"}, "jailbreaking": {"corr_coeff": {"pearson": 0.4082501106210443, "spearman": 0.40825011062104455, "kendall": 0.4082501106210446}, "p_value": {"pearson": 0.0, "spearman": 0.0, "kendall": 0.0}, "kappa_score": 0.34355826358708674, "total_responses": 11288, "valid_responses": 11264, "krippendorff_alpha": NaN, "type": "categorical", "expert": "true", "task": "Toxicity \\ Safety"}}, "gemini-1.5-flash-latest (SP: None, AP: 9)": {"toxicity": {"corr_coeff": {"pearson": 0.6631513441388278, "spearman": 0.6631513441388279, "kendall": 0.6631513441388278}, "p_value": {"pearson": 0.0, "spearman": 0.0, "kendall": 1.4065373480661462e-273}, "kappa_score": 0.6622687816335888, "total_responses": 2853, "valid_responses": 2841, "krippendorff_alpha": NaN, "type": "categorical", "expert": "true", "task": "Toxicity \\ Safety"}, "jailbreaking": {"corr_coeff": {"pearson": 0.28095414293222953, "spearman": 0.2809541429322294, "kendall": 0.2809541429322295}, "p_value": {"pearson": 9.185286971484975e-53, "spearman": 9.18528697148716e-53, "kendall": 9.476596012920137e-51}, "kappa_score": 0.1543993301555232, "total_responses": 2853, "valid_responses": 2845, "krippendorff_alpha": NaN, "type": "categorical", "expert": "true", "task": "Toxicity \\ Safety"}}, "gpt-4o (SP: None, AP: 9)": {"toxicity": {"corr_coeff": {"pearson": 0.5391752590003339, "spearman": 0.539175259000334, "kendall": 0.5391752590003339}, "p_value": {"pearson": 1.4623055937710206e-214, "spearman": 1.4623055937704542e-214, "kendall": 5.2517800695275125e-182}, "kappa_score": 0.4910419361312238, "total_responses": 2853, "valid_responses": 2848, "krippendorff_alpha": NaN, "type": "categorical", "expert": "true", "task": "Toxicity \\ Safety"}, "jailbreaking": {"corr_coeff": {"pearson": 0.4412037286904982, "spearman": 0.44120372869049806, "kendall": 0.44120372869049806}, "p_value": {"pearson": 3.1770588945826816e-136, "spearman": 3.1770588945842813e-136, "kendall": 9.436085787037841e-123}, "kappa_score": 0.3487556080163131, "total_responses": 2853, "valid_responses": 2853, "krippendorff_alpha": NaN, "type": "categorical", "expert": "true", "task": "Toxicity \\ Safety"}}}