{"Mistral-7B-Instruct-v0.3 (SP: None, AP: 19)": {"quality": {"corr_coeff": {"pearson": 0.19026007201756534, "spearman": 0.2076837528924665, "kendall": 0.15534972618794232}, "p_value": {"pearson": 2.637950391847956e-21, "spearman": 3.6708196349780157e-25, "kendall": 7.335435149332784e-25}, "kappa_score": NaN, "total_responses": 6588, "valid_responses": 2438, "krippendorff_alpha": NaN, "type": "continuous", "expert": "true", "task": "Translation"}}, "Starling-LM-7B-alpha (SP: None, AP: 19)": {"quality": {"corr_coeff": {"pearson": 0.17264917495319382, "spearman": 0.18850990170240234, "kendall": 0.14296087971376548}, "p_value": {"pearson": 2.7931878506921474e-38, "spearman": 1.9773955043870996e-45, "kendall": 7.50721912292908e-45}, "kappa_score": NaN, "total_responses": 6588, "valid_responses": 5533, "krippendorff_alpha": NaN, "type": "continuous", "expert": "true", "task": "Translation"}}, "Meta-Llama-3.1-8B-Instruct (SP: None, AP: 19)": {"quality": {"corr_coeff": {"pearson": 0.16681774576646174, "spearman": 0.18254007979072343, "kendall": 0.1312077727860014}, "p_value": {"pearson": 1.6102904482907458e-41, "spearman": 1.678958197332335e-49, "kendall": 1.3661105656443805e-49}, "kappa_score": NaN, "total_responses": 6588, "valid_responses": 6458, "krippendorff_alpha": NaN, "type": "continuous", "expert": "true", "task": "Translation"}}, "c4ai-command-r-v01 (SP: None, AP: 19)": {"quality": {"corr_coeff": {"pearson": 0.20058662055905038, "spearman": 0.1984826241840083, "kendall": 0.1466682418010931}, "p_value": {"pearson": 1.0824487993189073e-58, "spearman": 1.7598935718384197e-57, "kendall": 3.0922953747202677e-57}, "kappa_score": NaN, "total_responses": 6588, "valid_responses": 6356, "krippendorff_alpha": NaN, "type": "continuous", "expert": "true", "task": "Translation"}}, "Mixtral-8x7B-Instruct-v0.1 (SP: None, AP: 19)": {"quality": {"corr_coeff": {"pearson": 0.20285375750524112, "spearman": 0.20252402479625456, "kendall": 0.14900707574986172}, "p_value": {"pearson": 1.7014565422789663e-29, "spearman": 2.1044571200499974e-29, "kendall": 3.538770319069985e-29}, "kappa_score": NaN, "total_responses": 6588, "valid_responses": 3029, "krippendorff_alpha": NaN, "type": "continuous", "expert": "true", "task": "Translation"}}, "OLMo-7B-0724-Instruct-hf (SP: None, AP: 19)": {"quality": {"corr_coeff": {"pearson": -0.009523059503229493, "spearman": -0.013436287999530536, "kendall": -0.013523283477640365}, "p_value": {"pearson": 0.9349282002335844, "spearman": 0.9082876197533272, "kendall": 0.880627399180623}, "kappa_score": NaN, "total_responses": 6588, "valid_responses": 76, "krippendorff_alpha": NaN, "type": "continuous", "expert": "true", "task": "Translation"}}, "Meta-Llama-3.1-70B-Instruct (SP: None, AP: 19)": {"quality": {"corr_coeff": {"pearson": 0.15984621065023594, "spearman": 0.16284391522884445, "kendall": 0.11816412797118375}, "p_value": {"pearson": 1.0051925092305687e-38, "spearman": 3.825837481469104e-40, "kendall": 6.931055052038654e-40}, "kappa_score": NaN, "total_responses": 6588, "valid_responses": 6547, "krippendorff_alpha": NaN, "type": "continuous", "expert": "true", "task": "Translation"}}, "gemini-1.5-flash-latest (SP: None, AP: 19)": {"quality": {"corr_coeff": {"pearson": 0.18102453727673323, "spearman": 0.17805118604897927, "kendall": 0.13333226286249056}, "p_value": {"pearson": 1.2299447599971531e-49, "spearman": 4.7263399643731e-48, "kendall": 8.239895881954014e-48}, "kappa_score": NaN, "total_responses": 6588, "valid_responses": 6587, "krippendorff_alpha": NaN, "type": "continuous", "expert": "true", "task": "Translation"}}, "gpt-4o (SP: None, AP: 19)": {"quality": {"corr_coeff": {"pearson": 0.20608314463243035, "spearman": 0.1957927054544182, "kendall": 0.14271858014520664}, "p_value": {"pearson": 7.201066439320897e-64, "spearman": 1.0433936163686119e-57, "kendall": 3.429606870855262e-57}, "kappa_score": NaN, "total_responses": 6588, "valid_responses": 6562, "krippendorff_alpha": NaN, "type": "continuous", "expert": "true", "task": "Translation"}}}