{"Mistral-7B-Instruct-v0.3 (SP: None, AP: 19)": {"quality": {"corr_coeff": {"pearson": 0.19236026122957606, "spearman": 0.11373619790158357, "kendall": 0.08199143831501894}, "p_value": {"pearson": 1.0419105167759509e-35, "spearman": 2.302160506321258e-13, "kendall": 2.443504226157355e-13}, "kappa_score": NaN, "total_responses": 13245, "valid_responses": 4129, "krippendorff_alpha": NaN, "type": "continuous", "expert": "true", "task": "Translation"}}, "Starling-LM-7B-alpha (SP: None, AP: 19)": {"quality": {"corr_coeff": {"pearson": 0.1859097492608466, "spearman": 0.13373059627256595, "kendall": 0.10462825177996865}, "p_value": {"pearson": 3.6161461503338674e-98, "spearman": 2.882382993286296e-51, "kendall": 2.1905152916682632e-51}, "kappa_score": NaN, "total_responses": 13245, "valid_responses": 12574, "krippendorff_alpha": NaN, "type": "continuous", "expert": "true", "task": "Translation"}}, "Meta-Llama-3.1-8B-Instruct (SP: None, AP: 19)": {"quality": {"corr_coeff": {"pearson": 0.17292001523096323, "spearman": 0.13245947031678093, "kendall": 0.09615997463828871}, "p_value": {"pearson": 2.914573525232523e-87, "spearman": 1.1917017245717737e-51, "kendall": 4.546566819034451e-52}, "kappa_score": NaN, "total_responses": 13245, "valid_responses": 12918, "krippendorff_alpha": NaN, "type": "continuous", "expert": "true", "task": "Translation"}}, "c4ai-command-r-v01 (SP: None, AP: 19)": {"quality": {"corr_coeff": {"pearson": 0.1900803420302538, "spearman": 0.1551375055947518, "kendall": 0.11624571286010038}, "p_value": {"pearson": 6.260871140983262e-105, "spearman": 4.15626522250724e-70, "kendall": 4.113438986825257e-71}, "kappa_score": NaN, "total_responses": 13245, "valid_responses": 12863, "krippendorff_alpha": NaN, "type": "continuous", "expert": "true", "task": "Translation"}}, "Mixtral-8x7B-Instruct-v0.1 (SP: None, AP: 19)": {"quality": {"corr_coeff": {"pearson": 0.2099111497881697, "spearman": 0.16275218259485422, "kendall": 0.1185241336369008}, "p_value": {"pearson": 1.9585683218394293e-66, "spearman": 2.67461033136301e-40, "kendall": 1.60791597220145e-40}, "kappa_score": NaN, "total_responses": 13245, "valid_responses": 6581, "krippendorff_alpha": NaN, "type": "continuous", "expert": "true", "task": "Translation"}}, "OLMo-7B-0724-Instruct-hf (SP: None, AP: 19)": {"quality": {"corr_coeff": {"pearson": 0.11001027701008984, "spearman": 0.0601336712289217, "kendall": 0.04811214348798034}, "p_value": {"pearson": 0.004301605707910068, "spearman": 0.11938733103093954, "kendall": 0.11319839612469282}, "kappa_score": NaN, "total_responses": 13245, "valid_responses": 672, "krippendorff_alpha": NaN, "type": "continuous", "expert": "true", "task": "Translation"}}, "Meta-Llama-3.1-70B-Instruct (SP: None, AP: 19)": {"quality": {"corr_coeff": {"pearson": 0.20506898892708095, "spearman": 0.13212563696451007, "kendall": 0.09740234434291106}, "p_value": {"pearson": 9.758516248564464e-125, "spearman": 3.0779655057356125e-52, "kendall": 2.0230094286783084e-52}, "kappa_score": NaN, "total_responses": 13245, "valid_responses": 13137, "krippendorff_alpha": NaN, "type": "continuous", "expert": "true", "task": "Translation"}}, "gemini-1.5-flash-latest (SP: None, AP: 19)": {"quality": {"corr_coeff": {"spearman": 0.178}, "p_value": {"spearman": 0.0}, "kappa_score": NaN, "total_responses": 2649, "valid_responses": 2646, "krippendorff_alpha": NaN, "type": "continuous", "expert": "true", "task": "Translation"}}, "gpt-4o (SP: None, AP: 19)": {"quality": {"corr_coeff": {"spearman": 0.149}, "p_value": {"spearman": 0.0}, "kappa_score": NaN, "total_responses": 2649, "valid_responses": 2640, "krippendorff_alpha": NaN, "type": "continuous", "expert": "true", "task": "Translation"}}}
