{"Mistral-7B-Instruct-v0.3 (SP: None, AP: 9)": {"quality": {"corr_coeff": {"pearson": 0.398185396815397, "spearman": 0.3932557550801543, "kendall": 0.32590359883931896}, "p_value": {"pearson": 0.0, "spearman": 0.0, "kendall": 0.0}, "kappa_score": NaN, "total_responses": 15981, "valid_responses": 15878, "krippendorff_alpha": 0.08958290049471562, "type": "graded", "expert": "true", "task": "Translation"}}, "Starling-LM-7B-alpha (SP: None, AP: 9)": {"quality": {"corr_coeff": {"pearson": 0.3657493893133679, "spearman": 0.3476737283064535, "kendall": 0.2924672730786912}, "p_value": {"pearson": 0.0, "spearman": 0.0, "kendall": 0.0}, "kappa_score": NaN, "total_responses": 15981, "valid_responses": 15942, "krippendorff_alpha": 0.08958290049471562, "type": "graded", "expert": "true", "task": "Translation"}}, "Meta-Llama-3.1-8B-Instruct (SP: None, AP: 9)": {"quality": {"corr_coeff": {"pearson": 0.37564816319145106, "spearman": 0.3568726724910665, "kendall": 0.28294041673712705}, "p_value": {"pearson": 0.0, "spearman": 0.0, "kendall": 0.0}, "kappa_score": NaN, "total_responses": 15981, "valid_responses": 15909, "krippendorff_alpha": 0.08958290049471562, "type": "graded", "expert": "true", "task": "Translation"}}, "c4ai-command-r-v01 (SP: None, AP: 9)": {"quality": {"corr_coeff": {"pearson": 0.20241678919244097, "spearman": 0.19200374997720507, "kendall": 0.16310505941550463}, "p_value": {"pearson": 1.0862681958636517e-132, "spearman": 2.4387449804411376e-119, "kendall": 3.6650875533273547e-118}, "kappa_score": NaN, "total_responses": 15981, "valid_responses": 14365, "krippendorff_alpha": 0.08958290049471562, "type": "graded", "expert": "true", "task": "Translation"}}, "Mixtral-8x7B-Instruct-v0.1 (SP: None, AP: 9)": {"quality": {"corr_coeff": {"pearson": 0.4367931270055988, "spearman": 0.4184210320300524, "kendall": 0.3330396175091439}, "p_value": {"pearson": 0.0, "spearman": 0.0, "kendall": 0.0}, "kappa_score": NaN, "total_responses": 15981, "valid_responses": 13219, "krippendorff_alpha": 0.08958290049471562, "type": "graded", "expert": "true", "task": "Translation"}}, "OLMo-7B-0724-Instruct-hf (SP: None, AP: 9)": {"quality": {"corr_coeff": {"pearson": 0.1247711206441231, "spearman": 0.12590425226576268, "kendall": 0.102416471394157}, "p_value": {"pearson": 1.3447973730096737e-51, "spearman": 1.6316096283235594e-52, "kendall": 1.7608334775784065e-52}, "kappa_score": NaN, "total_responses": 15981, "valid_responses": 14558, "krippendorff_alpha": 0.08958290049471562, "type": "graded", "expert": "true", "task": "Translation"}}, "Meta-Llama-3.1-70B-Instruct (SP: None, AP: 9)": {"quality": {"corr_coeff": {"pearson": 0.4521340931944881, "spearman": 0.44112015836385915, "kendall": 0.35625415350930145}, "p_value": {"pearson": 0.0, "spearman": 0.0, "kendall": 0.0}, "kappa_score": NaN, "total_responses": 15981, "valid_responses": 15974, "krippendorff_alpha": 0.08958290049471562, "type": "graded", "expert": "true", "task": "Translation"}}, "gemini-1.5-flash-latest (SP: None, AP: 9)": {"quality": {"corr_coeff": {"spearman": 0.440}, "p_value": {"spearman": 0.0}, "kappa_score": NaN, "total_responses": 1598, "valid_responses": 1598, "krippendorff_alpha": 0.09764923678866622, "type": "graded", "expert": "true", "task": "Translation"}}, "gpt-4o (SP: None, AP: 9)": {"quality": {"corr_coeff": {"spearman": 0.521}, "p_value": {"spearman": 0.0}, "kappa_score": NaN, "total_responses": 1598, "valid_responses": 1598, "krippendorff_alpha": 0.09764923678866622, "type": "graded", "expert": "true", "task": "Translation"}}}
