{"Mistral-7B-Instruct-v0.3 (SP: None, AP: 9)": {"quality": {"corr_coeff": {"pearson": 0.32773759311285106, "spearman": 0.32639238694304573, "kendall": 0.2739400461194284}, "p_value": {"pearson": 1.4893707358203846e-245, "spearman": 1.9223651333132817e-243, "kendall": 1.4393921028902619e-235}, "kappa_score": NaN, "total_responses": 9871, "valid_responses": 9859, "krippendorff_alpha": 0.5040692706823591, "type": "graded", "expert": "true", "task": "Translation"}}, "Starling-LM-7B-alpha (SP: None, AP: 9)": {"quality": {"corr_coeff": {"pearson": 0.29905032376365653, "spearman": 0.29860678770107346, "kendall": 0.25115634244352764}, "p_value": {"pearson": 1.6049999582817862e-201, "spearman": 6.684916152701691e-201, "kendall": 1.7230774562253644e-193}, "kappa_score": NaN, "total_responses": 9871, "valid_responses": 9795, "krippendorff_alpha": 0.5040692706823591, "type": "graded", "expert": "true", "task": "Translation"}}, "Meta-Llama-3.1-8B-Instruct (SP: None, AP: 9)": {"quality": {"corr_coeff": {"pearson": 0.35471484381064566, "spearman": 0.34205921217565327, "kendall": 0.2735596405458161}, "p_value": {"pearson": 7.975749410014435e-289, "spearman": 1.986293945048494e-267, "kendall": 6.587437915325057e-266}, "kappa_score": NaN, "total_responses": 9871, "valid_responses": 9812, "krippendorff_alpha": 0.5040692706823591, "type": "graded", "expert": "true", "task": "Translation"}}, "c4ai-command-r-v01 (SP: None, AP: 9)": {"quality": {"corr_coeff": {"pearson": 0.130741665493896, "spearman": 0.1327154043897099, "kendall": 0.11220326391313572}, "p_value": {"pearson": 7.214239319357555e-38, "spearman": 5.6086234778630217e-39, "kendall": 6.543094032061289e-39}, "kappa_score": NaN, "total_responses": 9871, "valid_responses": 9600, "krippendorff_alpha": 0.5040692706823591, "type": "graded", "expert": "true", "task": "Translation"}}, "Mixtral-8x7B-Instruct-v0.1 (SP: None, AP: 9)": {"quality": {"corr_coeff": {"pearson": 0.4514198895258931, "spearman": 0.39204051165296294, "kendall": 0.31608312880286626}, "p_value": {"pearson": 0.0, "spearman": 1.1951651384344683e-277, "kendall": 1.0345003782671264e-269}, "kappa_score": NaN, "total_responses": 9871, "valid_responses": 7599, "krippendorff_alpha": 0.5040692706823591, "type": "graded", "expert": "true", "task": "Translation"}}, "OLMo-7B-0724-Instruct-hf (SP: None, AP: 9)": {"quality": {"corr_coeff": {"pearson": 0.01704216211313459, "spearman": 0.0018732809552914978, "kendall": 0.0011979255568565822}, "p_value": {"pearson": 0.1139727709891592, "spearman": 0.8620806997079664, "kendall": 0.8885316654891601}, "kappa_score": NaN, "total_responses": 9871, "valid_responses": 8603, "krippendorff_alpha": 0.5040692706823591, "type": "graded", "expert": "true", "task": "Translation"}}, "Meta-Llama-3.1-70B-Instruct (SP: None, AP: 9)": {"quality": {"corr_coeff": {"pearson": 0.46932486566893084, "spearman": 0.43650963049850733, "kendall": 0.3580116118859109}, "p_value": {"pearson": 0.0, "spearman": 0.0, "kendall": 0.0}, "kappa_score": NaN, "total_responses": 9871, "valid_responses": 9865, "krippendorff_alpha": 0.5040692706823591, "type": "graded", "expert": "true", "task": "Translation"}}, "gemini-1.5-flash-latest (SP: None, AP: 9)": {"quality": {"corr_coeff": {"spearman": 0.3790550253134372}, "p_value": {"spearman": 0.0}, "kappa_score": NaN, "total_responses": 9871, "valid_responses": 9869, "krippendorff_alpha": 0.5040692706823591, "type": "graded", "expert": "true", "task": "Translation"}}, "gpt-4o (SP: None, AP: 9)": {"quality": {"corr_coeff": {"spearman": 0.567}, "p_value": {"spearman": 0.0}, "kappa_score": NaN, "total_responses": 987, "valid_responses": 987, "krippendorff_alpha": 0.5388311762885646, "type": "graded", "expert": "true", "task": "Translation"}}}
